topic,query,method,relevant_at_10,relevant_total,relevant_at_100,p10,ndcg10,recall10,recall100
2,cholangiocarcinoma BRAF (V600E) 64-year-old male,Vector,1,214,6,0.1,0.22009176629808017,0.004672897196261682,0.028037383177570093
2,cholangiocarcinoma BRAF (V600E) 64-year-old male,BM25,9,214,64,0.9,0.8899541168509599,0.04205607476635514,0.29906542056074764
2,cholangiocarcinoma BRAF (V600E) 64-year-old male,Hybrid RRF,3,214,40,0.3,0.35970991185182927,0.014018691588785047,0.18691588785046728
7,non-small cell lung cancer EGFR (T790M) 50-year-old male,Vector,9,292,67,0.9,0.8341337831078465,0.030821917808219176,0.22945205479452055
7,non-small cell lung cancer EGFR (T790M) 50-year-old male,BM25,9,292,78,0.9,0.8731869688880144,0.030821917808219176,0.2671232876712329
7,non-small cell lung cancer EGFR (T790M) 50-year-old male,Hybrid RRF,10,292,76,1.0,0.8611375561264454,0.03424657534246575,0.2602739726027397
8,bladder cancer FGFR3 (S249C) 64-year-old male,Vector,6,23,16,0.6,0.7116179486056782,0.2608695652173913,0.6956521739130435
8,bladder cancer FGFR3 (S249C) 64-year-old male,BM25,6,23,14,0.6,0.557780405761987,0.2608695652173913,0.6086956521739131
8,bladder cancer FGFR3 (S249C) 64-year-old male,Hybrid RRF,6,23,18,0.6,0.6816808362189437,0.2608695652173913,0.782608695652174
9,gastrointestinal stromal tumor KIT (exon 9 502_503 duplication) 58-year-old male,Vector,8,69,56,0.8,0.5424841286460156,0.11594202898550725,0.8115942028985508
9,gastrointestinal stromal tumor KIT (exon 9 502_503 duplication) 58-year-old male,BM25,9,69,53,0.9,0.8242660523413923,0.13043478260869565,0.7681159420289855
9,gastrointestinal stromal tumor KIT (exon 9 502_503 duplication) 58-year-old male,Hybrid RRF,10,69,58,1.0,0.7900799128882461,0.14492753623188406,0.8405797101449275
15,"lung adenocarcinoma KRAS (G12V), high tumor mutational burden 57-year-old male",Vector,8,183,53,0.8,0.2658389226424979,0.04371584699453552,0.2896174863387978
15,"lung adenocarcinoma KRAS (G12V), high tumor mutational burden 57-year-old male",BM25,7,183,36,0.7,0.19715469385806814,0.03825136612021858,0.19672131147540983
15,"lung adenocarcinoma KRAS (G12V), high tumor mutational burden 57-year-old male",Hybrid RRF,6,183,48,0.6,0.2276946025635055,0.03278688524590164,0.26229508196721313
16,papillary thyroid carcinoma BRAF (V600E) 51-year-old female,Vector,8,42,26,0.8,0.7074025261415984,0.19047619047619047,0.6190476190476191
16,papillary thyroid carcinoma BRAF (V600E) 51-year-old female,BM25,8,42,21,0.8,0.8265653631443151,0.19047619047619047,0.5
16,papillary thyroid carcinoma BRAF (V600E) 51-year-old female,Hybrid RRF,8,42,26,0.8,0.7592392744239578,0.19047619047619047,0.6190476190476191
18,lung adenocarcinoma SND1-BRAF fusion 54-year-old female,Vector,1,66,15,0.1,0.11004588314904008,0.015151515151515152,0.22727272727272727
18,lung adenocarcinoma SND1-BRAF fusion 54-year-old female,BM25,4,66,13,0.4,0.3845937724137609,0.06060606060606061,0.19696969696969696
18,lung adenocarcinoma SND1-BRAF fusion 54-year-old female,Hybrid RRF,5,66,18,0.5,0.43545584062957987,0.07575757575757576,0.2727272727272727
22,colon cancer PIK3CA (E545K) 45-year-old female,Vector,5,60,15,0.5,0.5766882048947065,0.08333333333333333,0.25
22,colon cancer PIK3CA (E545K) 45-year-old female,BM25,8,60,24,0.8,0.7162874455029681,0.13333333333333333,0.4
22,colon cancer PIK3CA (E545K) 45-year-old female,Hybrid RRF,8,60,23,0.8,0.8080010267816213,0.13333333333333333,0.38333333333333336
24,cholangiocarcinoma PIK3CA (1047H) 62-year-old male,Vector,1,32,3,0.1,0.22009176629808017,0.03125,0.09375
24,cholangiocarcinoma PIK3CA (1047H) 62-year-old male,BM25,1,32,8,0.1,0.22009176629808017,0.03125,0.25
24,cholangiocarcinoma PIK3CA (1047H) 62-year-old male,Hybrid RRF,1,32,6,0.1,0.22009176629808017,0.03125,0.1875
29,chondrosarcoma IDH1 26-year-old female,Vector,1,8,5,0.1,0.16796942306359675,0.125,0.625
29,chondrosarcoma IDH1 26-year-old female,BM25,2,8,6,0.2,0.23567621562134627,0.25,0.75
29,chondrosarcoma IDH1 26-year-old female,Hybrid RRF,2,8,5,0.2,0.25092813621302185,0.25,0.625
