topic,method,rank,nct_id,grade
2,Vector,1,NCT01588860,1
2,Vector,2,NCT00983541,0
2,Vector,3,NCT01920503,0
2,Vector,4,NCT01900158,unjudged
2,Vector,5,NCT02167711,0
2,Vector,6,NCT02989857,0
2,Vector,7,NCT03132649,0
2,Vector,8,NCT02665494,unjudged
2,Vector,9,NCT01043172,0
2,Vector,10,NCT02773485,0
2,Vector,11,NCT02588755,0
2,Vector,12,NCT02374489,unjudged
2,Vector,13,NCT02150967,0
2,Vector,14,NCT00005938,unjudged
2,Vector,15,NCT00253617,0
2,Vector,16,NCT00907413,0
2,Vector,17,NCT01755013,0
2,Vector,18,NCT02609958,0
2,Vector,19,NCT00973713,unjudged
2,Vector,20,NCT03041662,0
2,Vector,21,NCT03603834,0
2,Vector,22,NCT03951597,0
2,Vector,23,NCT01524146,0
2,Vector,24,NCT03940378,unjudged
2,Vector,25,NCT03620292,unjudged
2,Vector,26,NCT01766219,0
2,Vector,27,NCT01954745,unjudged
2,Vector,28,NCT03684811,unjudged
2,Vector,29,NCT01525719,0
2,Vector,30,NCT03377179,unjudged
2,Vector,31,NCT01151761,unjudged
2,Vector,32,NCT00779454,0
2,Vector,33,NCT02955771,unjudged
2,Vector,34,NCT03772132,0
2,Vector,35,NCT02082522,unjudged
2,Vector,36,NCT02526771,0
2,Vector,37,NCT02256982,unjudged
2,Vector,38,NCT01501604,unjudged
2,Vector,39,NCT03201458,0
2,Vector,40,NCT03499782,0
2,Vector,41,NCT02238613,unjudged
2,Vector,42,NCT02836847,unjudged
2,Vector,43,NCT03345303,0
2,Vector,44,NCT01718327,0
2,Vector,45,NCT00540735,unjudged
2,Vector,46,NCT03212274,unjudged
2,Vector,47,NCT01320254,1
2,Vector,48,NCT00713687,unjudged
2,Vector,49,NCT03307538,0
2,Vector,50,NCT01773655,unjudged
2,Vector,51,NCT01229111,unjudged
2,Vector,52,NCT02762721,0
2,Vector,53,NCT01673802,0
2,Vector,54,NCT02585856,unjudged
2,Vector,55,NCT02073994,unjudged
2,Vector,56,NCT03117855,0
2,Vector,57,NCT02856568,unjudged
2,Vector,58,NCT02520141,unjudged
2,Vector,59,NCT00869635,0
2,Vector,60,NCT00301379,0
2,Vector,61,NCT00919061,unjudged
2,Vector,62,NCT00238212,unjudged
2,Vector,63,NCT02746081,unjudged
2,Vector,64,NCT01828034,0
2,Vector,65,NCT03166436,unjudged
2,Vector,66,NCT03768375,unjudged
2,Vector,67,NCT00513539,0
2,Vector,68,NCT01859182,1
2,Vector,69,NCT02893085,1
2,Vector,70,NCT01844245,0
2,Vector,71,NCT00858429,0
2,Vector,72,NCT02042443,unjudged
2,Vector,73,NCT00033462,unjudged
2,Vector,74,NCT00262769,0
2,Vector,75,NCT03414489,0
2,Vector,76,NCT03320980,0
2,Vector,77,NCT03773302,unjudged
2,Vector,78,NCT00630890,unjudged
2,Vector,79,NCT01963325,0
2,Vector,80,NCT01938729,0
2,Vector,81,NCT03278106,unjudged
2,Vector,82,NCT01247337,unjudged
2,Vector,83,NCT03766035,unjudged
2,Vector,84,NCT01308840,1
2,Vector,85,NCT03494023,unjudged
2,Vector,86,NCT00033540,unjudged
2,Vector,87,NCT01206049,unjudged
2,Vector,88,NCT00553332,1
2,Vector,89,NCT02103179,unjudged
2,Vector,90,NCT02994251,unjudged
2,Vector,91,NCT03257761,0
2,Vector,92,NCT02592538,0
2,Vector,93,NCT02254681,unjudged
2,Vector,94,NCT00003923,unjudged
2,Vector,95,NCT02807181,unjudged
2,Vector,96,NCT01506115,0
2,Vector,97,NCT03878095,unjudged
2,Vector,98,NCT00085410,0
2,Vector,99,NCT01313377,unjudged
2,Vector,100,NCT02128282,0
2,BM25,1,NCT03585686,1
2,BM25,2,NCT01928940,1
2,BM25,3,NCT02784639,unjudged
2,BM25,4,NCT01417442,1
2,BM25,5,NCT01586195,1
2,BM25,6,NCT03026517,1
2,BM25,7,NCT01136967,1
2,BM25,8,NCT03224208,1
2,BM25,9,NCT02027961,1
2,BM25,10,NCT00405587,1
2,BM25,11,NCT02561533,1
2,BM25,12,NCT03593993,1
2,BM25,13,NCT03727763,1
2,BM25,14,NCT01166126,1
2,BM25,15,NCT02323724,1
2,BM25,16,NCT01243372,1
2,BM25,17,NCT02672358,1
2,BM25,18,NCT01588860,1
2,BM25,19,NCT01897116,1
2,BM25,20,NCT03878719,1
2,BM25,21,NCT01264380,unjudged
2,BM25,22,NCT03224767,1
2,BM25,23,NCT02416232,1
2,BM25,24,NCT01248936,1
2,BM25,25,NCT03693170,1
2,BM25,26,NCT03363347,1
2,BM25,27,NCT00888134,1
2,BM25,28,NCT02034110,1
2,BM25,29,NCT01584648,1
2,BM25,30,NCT03543306,1
2,BM25,31,NCT01597908,1
2,BM25,32,NCT03951597,0
2,BM25,33,NCT03553329,unjudged
2,BM25,34,NCT03898908,unjudged
2,BM25,35,NCT01942993,1
2,BM25,36,NCT01791309,1
2,BM25,37,NCT02120222,unjudged
2,BM25,38,NCT03820310,unjudged
2,BM25,39,NCT03155217,unjudged
2,BM25,40,NCT02460068,unjudged
2,BM25,41,NCT01543113,1
2,BM25,42,NCT03415126,1
2,BM25,43,NCT02202200,1
2,BM25,44,NCT01586403,1
2,BM25,45,NCT03603834,0
2,BM25,46,NCT00880321,unjudged
2,BM25,47,NCT02231775,unjudged
2,BM25,48,NCT03042221,1
2,BM25,49,NCT03674502,1
2,BM25,50,NCT03944356,unjudged
2,BM25,51,NCT01750918,1
2,BM25,52,NCT03864042,unjudged
2,BM25,53,NCT03455764,1
2,BM25,54,NCT01400451,1
2,BM25,55,NCT03839342,1
2,BM25,56,NCT01682083,1
2,BM25,57,NCT03721120,unjudged
2,BM25,58,NCT01718327,0
2,BM25,59,NCT02281760,1
2,BM25,60,NCT02928224,1
2,BM25,61,NCT02130466,1
2,BM25,62,NCT01978236,unjudged
2,BM25,63,NCT01754376,1
2,BM25,64,NCT02109653,1
2,BM25,65,NCT01877811,unjudged
2,BM25,66,NCT00826176,unjudged
2,BM25,67,NCT00825812,unjudged
2,BM25,68,NCT01437618,1
2,BM25,69,NCT01037127,1
2,BM25,70,NCT02893085,1
2,BM25,71,NCT02526771,0
2,BM25,72,NCT03101254,1
2,BM25,73,NCT03363217,unjudged
2,BM25,74,NCT00949702,0
2,BM25,75,NCT01043172,0
2,BM25,76,NCT01107418,0
2,BM25,77,NCT01245062,1
2,BM25,78,NCT01744171,unjudged
2,BM25,79,NCT02012231,1
2,BM25,80,NCT02052193,unjudged
2,BM25,81,NCT00866177,unjudged
2,BM25,82,NCT02304809,1
2,BM25,83,NCT02106871,unjudged
2,BM25,84,NCT03115164,unjudged
2,BM25,85,NCT01406860,unjudged
2,BM25,86,NCT01582997,1
2,BM25,87,NCT01079533,unjudged
2,BM25,88,NCT02196181,1
2,BM25,89,NCT02818023,1
2,BM25,90,NCT01711632,1
2,BM25,91,NCT01227889,1
2,BM25,92,NCT00587132,unjudged
2,BM25,93,NCT01178736,unjudged
2,BM25,94,NCT01826448,unjudged
2,BM25,95,NCT02482454,0
2,BM25,96,NCT01922583,1
2,BM25,97,NCT01436656,1
2,BM25,98,NCT02427893,1
2,BM25,99,NCT03794297,1
2,BM25,100,NCT01266967,1
2,Hybrid RRF,1,NCT01588860,1
2,Hybrid RRF,2,NCT03951597,0
2,Hybrid RRF,3,NCT01043172,0
2,Hybrid RRF,4,NCT03603834,0
2,Hybrid RRF,5,NCT01718327,0
2,Hybrid RRF,6,NCT02526771,0
2,Hybrid RRF,7,NCT03585686,1
2,Hybrid RRF,8,NCT00983541,0
2,Hybrid RRF,9,NCT01928940,1
2,Hybrid RRF,10,NCT01920503,0
2,Hybrid RRF,11,NCT02784639,unjudged
2,Hybrid RRF,12,NCT01900158,unjudged
2,Hybrid RRF,13,NCT01417442,1
2,Hybrid RRF,14,NCT02893085,1
2,Hybrid RRF,15,NCT02167711,0
2,Hybrid RRF,16,NCT01586195,1
2,Hybrid RRF,17,NCT02989857,0
2,Hybrid RRF,18,NCT03026517,1
2,Hybrid RRF,19,NCT03132649,0
2,Hybrid RRF,20,NCT01136967,1
2,Hybrid RRF,21,NCT02665494,unjudged
2,Hybrid RRF,22,NCT03224208,1
2,Hybrid RRF,23,NCT02027961,1
2,Hybrid RRF,24,NCT02773485,0
2,Hybrid RRF,25,NCT00405587,1
2,Hybrid RRF,26,NCT02588755,0
2,Hybrid RRF,27,NCT02561533,1
2,Hybrid RRF,28,NCT02374489,unjudged
2,Hybrid RRF,29,NCT03593993,1
2,Hybrid RRF,30,NCT02150967,0
2,Hybrid RRF,31,NCT03727763,1
2,Hybrid RRF,32,NCT00005938,unjudged
2,Hybrid RRF,33,NCT01166126,1
2,Hybrid RRF,34,NCT00253617,0
2,Hybrid RRF,35,NCT02323724,1
2,Hybrid RRF,36,NCT00907413,0
2,Hybrid RRF,37,NCT01243372,1
2,Hybrid RRF,38,NCT01755013,0
2,Hybrid RRF,39,NCT02672358,1
2,Hybrid RRF,40,NCT02609958,0
2,Hybrid RRF,41,NCT00973713,unjudged
2,Hybrid RRF,42,NCT01897116,1
2,Hybrid RRF,43,NCT03041662,0
2,Hybrid RRF,44,NCT03878719,1
2,Hybrid RRF,45,NCT01264380,unjudged
2,Hybrid RRF,46,NCT03224767,1
2,Hybrid RRF,47,NCT01524146,0
2,Hybrid RRF,48,NCT02416232,1
2,Hybrid RRF,49,NCT03940378,unjudged
2,Hybrid RRF,50,NCT01248936,1
2,Hybrid RRF,51,NCT03620292,unjudged
2,Hybrid RRF,52,NCT03693170,1
2,Hybrid RRF,53,NCT01766219,0
2,Hybrid RRF,54,NCT03363347,1
2,Hybrid RRF,55,NCT01954745,unjudged
2,Hybrid RRF,56,NCT00888134,1
2,Hybrid RRF,57,NCT03684811,unjudged
2,Hybrid RRF,58,NCT02034110,1
2,Hybrid RRF,59,NCT01525719,0
2,Hybrid RRF,60,NCT01584648,1
2,Hybrid RRF,61,NCT03377179,unjudged
2,Hybrid RRF,62,NCT03543306,1
2,Hybrid RRF,63,NCT01151761,unjudged
2,Hybrid RRF,64,NCT01597908,1
2,Hybrid RRF,65,NCT00779454,0
2,Hybrid RRF,66,NCT02955771,unjudged
2,Hybrid RRF,67,NCT03553329,unjudged
2,Hybrid RRF,68,NCT03772132,0
2,Hybrid RRF,69,NCT03898908,unjudged
2,Hybrid RRF,70,NCT02082522,unjudged
2,Hybrid RRF,71,NCT01942993,1
2,Hybrid RRF,72,NCT01791309,1
2,Hybrid RRF,73,NCT02256982,unjudged
2,Hybrid RRF,74,NCT02120222,unjudged
2,Hybrid RRF,75,NCT01501604,unjudged
2,Hybrid RRF,76,NCT03820310,unjudged
2,Hybrid RRF,77,NCT03201458,0
2,Hybrid RRF,78,NCT03155217,unjudged
2,Hybrid RRF,79,NCT03499782,0
2,Hybrid RRF,80,NCT02460068,unjudged
2,Hybrid RRF,81,NCT02238613,unjudged
2,Hybrid RRF,82,NCT01543113,1
2,Hybrid RRF,83,NCT02836847,unjudged
2,Hybrid RRF,84,NCT03415126,1
2,Hybrid RRF,85,NCT03345303,0
2,Hybrid RRF,86,NCT02202200,1
2,Hybrid RRF,87,NCT01586403,1
2,Hybrid RRF,88,NCT00540735,unjudged
2,Hybrid RRF,89,NCT03212274,unjudged
2,Hybrid RRF,90,NCT00880321,unjudged
2,Hybrid RRF,91,NCT01320254,1
2,Hybrid RRF,92,NCT02231775,unjudged
2,Hybrid RRF,93,NCT00713687,unjudged
2,Hybrid RRF,94,NCT03042221,1
2,Hybrid RRF,95,NCT03307538,0
2,Hybrid RRF,96,NCT03674502,1
2,Hybrid RRF,97,NCT01773655,unjudged
2,Hybrid RRF,98,NCT03944356,unjudged
2,Hybrid RRF,99,NCT01229111,unjudged
2,Hybrid RRF,100,NCT01750918,1
7,Vector,1,NCT03137264,2
7,Vector,2,NCT02330367,2
7,Vector,3,NCT03519958,2
7,Vector,4,NCT02448251,2
7,Vector,5,NCT01441128,2
7,Vector,6,NCT01106781,1
7,Vector,7,NCT03300115,2
7,Vector,8,NCT02095782,unjudged
7,Vector,9,NCT02475720,1
7,Vector,10,NCT03502850,2
7,Vector,11,NCT03382795,2
7,Vector,12,NCT03790397,2
7,Vector,13,NCT01523340,unjudged
7,Vector,14,NCT00717002,1
7,Vector,15,NCT01255150,1
7,Vector,16,NCT02666755,1
7,Vector,17,NCT01359436,1
7,Vector,18,NCT03389256,1
7,Vector,19,NCT01562028,2
7,Vector,20,NCT02841579,2
7,Vector,21,NCT02368990,2
7,Vector,22,NCT01994057,unjudged
7,Vector,23,NCT03236675,2
7,Vector,24,NCT01526928,2
7,Vector,25,NCT03562819,2
7,Vector,26,NCT02192697,2
7,Vector,27,NCT02418234,2
7,Vector,28,NCT03861156,2
7,Vector,29,NCT02293733,unjudged
7,Vector,30,NCT01153399,1
7,Vector,31,NCT02454842,2
7,Vector,32,NCT00815971,1
7,Vector,33,NCT01100840,unjudged
7,Vector,34,NCT02451852,2
7,Vector,35,NCT01081496,unjudged
7,Vector,36,NCT02891733,unjudged
7,Vector,37,NCT03452592,2
7,Vector,38,NCT02644889,1
7,Vector,39,NCT02349633,2
7,Vector,40,NCT02274337,2
7,Vector,41,NCT00339586,unjudged
7,Vector,42,NCT03228277,2
7,Vector,43,NCT00997230,unjudged
7,Vector,44,NCT03812809,2
7,Vector,45,NCT02811354,2
7,Vector,46,NCT02954523,2
7,Vector,47,NCT02113813,1
7,Vector,48,NCT03866499,2
7,Vector,49,NCT03239340,2
7,Vector,50,NCT02959749,2
7,Vector,51,NCT01522833,unjudged
7,Vector,52,NCT02914990,unjudged
7,Vector,53,NCT02450591,1
7,Vector,54,NCT01259089,unjudged
7,Vector,55,NCT01382992,unjudged
7,Vector,56,NCT03516214,unjudged
7,Vector,57,NCT01532089,unjudged
7,Vector,58,NCT03424759,2
7,Vector,59,NCT02973763,2
7,Vector,60,NCT02474355,unjudged
7,Vector,61,NCT02381808,1
7,Vector,62,NCT00983307,unjudged
7,Vector,63,NCT01754025,1
7,Vector,64,NCT01775943,unjudged
7,Vector,65,NCT01074177,2
7,Vector,66,NCT02143466,2
7,Vector,67,NCT01306045,1
7,Vector,68,NCT02454933,2
7,Vector,69,NCT00230126,1
7,Vector,70,NCT00087412,0
7,Vector,71,NCT00763607,unjudged
7,Vector,72,NCT02355431,unjudged
7,Vector,73,NCT00874419,1
7,Vector,74,NCT03765775,2
7,Vector,75,NCT02771314,unjudged
7,Vector,76,NCT02442349,2
7,Vector,77,NCT02633189,2
7,Vector,78,NCT01858389,2
7,Vector,79,NCT03133234,2
7,Vector,80,NCT02422628,2
7,Vector,81,NCT02504346,2
7,Vector,82,NCT02971501,unjudged
7,Vector,83,NCT02856893,0
7,Vector,84,NCT00101920,unjudged
7,Vector,85,NCT00029003,unjudged
7,Vector,86,NCT03853551,2
7,Vector,87,NCT02777658,2
7,Vector,88,NCT02500927,unjudged
7,Vector,89,NCT01774526,1
7,Vector,90,NCT01360931,unjudged
7,Vector,91,NCT02094261,unjudged
7,Vector,92,NCT02321046,unjudged
7,Vector,93,NCT03399487,1
7,Vector,94,NCT03865511,2
7,Vector,95,NCT00899756,1
7,Vector,96,NCT03831932,unjudged
7,Vector,97,NCT02759835,2
7,Vector,98,NCT03766490,2
7,Vector,99,NCT03656393,unjudged
7,Vector,100,NCT03074864,unjudged
7,BM25,1,NCT03766490,2
7,BM25,2,NCT02520778,2
7,BM25,3,NCT02448251,2
7,BM25,4,NCT02666755,1
7,BM25,5,NCT03576937,2
7,BM25,6,NCT02959749,2
7,BM25,7,NCT02496663,2
7,BM25,8,NCT02777658,2
7,BM25,9,NCT02418234,2
7,BM25,10,NCT03066206,unjudged
7,BM25,11,NCT03765775,2
7,BM25,12,NCT03802240,1
7,BM25,13,NCT03133546,2
7,BM25,14,NCT03452592,2
7,BM25,15,NCT03455829,2
7,BM25,16,NCT03228277,2
7,BM25,17,NCT01526928,2
7,BM25,18,NCT03513666,2
7,BM25,19,NCT03790397,2
7,BM25,20,NCT01310036,1
7,BM25,21,NCT01562028,2
7,BM25,22,NCT02330367,2
7,BM25,23,NCT03389256,1
7,BM25,24,NCT02503722,2
7,BM25,25,NCT03433469,2
7,BM25,26,NCT01858389,2
7,BM25,27,NCT03515837,2
7,BM25,28,NCT01074177,2
7,BM25,29,NCT02769286,1
7,BM25,30,NCT01982955,unjudged
7,BM25,31,NCT03861156,2
7,BM25,32,NCT02575560,2
7,BM25,33,NCT02926768,2
7,BM25,34,NCT01802632,1
7,BM25,35,NCT03071705,1
7,BM25,36,NCT03434418,unjudged
7,BM25,37,NCT02454842,2
7,BM25,38,NCT02841579,2
7,BM25,39,NCT01774721,1
7,BM25,40,NCT02777567,2
7,BM25,41,NCT03236675,2
7,BM25,42,NCT03810066,2
7,BM25,43,NCT03924050,unjudged
7,BM25,44,NCT02954523,2
7,BM25,45,NCT03532698,2
7,BM25,46,NCT03543683,2
7,BM25,47,NCT03492801,2
7,BM25,48,NCT02917993,unjudged
7,BM25,49,NCT02192697,2
7,BM25,50,NCT03300115,2
7,BM25,51,NCT03812809,2
7,BM25,52,NCT03865511,2
7,BM25,53,NCT02228369,unjudged
7,BM25,54,NCT02547675,2
7,BM25,55,NCT02973763,2
7,BM25,56,NCT02335944,2
7,BM25,57,NCT03918304,2
7,BM25,58,NCT02422628,2
7,BM25,59,NCT03866499,2
7,BM25,60,NCT01415011,2
7,BM25,61,NCT03446417,2
7,BM25,62,NCT02274337,2
7,BM25,63,NCT02971501,unjudged
7,BM25,64,NCT03370770,2
7,BM25,65,NCT02191891,2
7,BM25,66,NCT02411448,2
7,BM25,67,NCT02716311,2
7,BM25,68,NCT02438722,2
7,BM25,69,NCT01523340,unjudged
7,BM25,70,NCT02355431,unjudged
7,BM25,71,NCT03122717,unjudged
7,BM25,72,NCT01485809,2
7,BM25,73,NCT02193282,1
7,BM25,74,NCT02511106,2
7,BM25,75,NCT03219970,2
7,BM25,76,NCT03516214,unjudged
7,BM25,77,NCT02326285,2
7,BM25,78,NCT02094261,unjudged
7,BM25,79,NCT03724253,unjudged
7,BM25,80,NCT03054038,2
7,BM25,81,NCT02511288,2
7,BM25,82,NCT02442349,2
7,BM25,83,NCT03137264,2
7,BM25,84,NCT03792074,unjudged
7,BM25,85,NCT02705339,unjudged
7,BM25,86,NCT03831932,unjudged
7,BM25,87,NCT02368990,2
7,BM25,88,NCT02771314,unjudged
7,BM25,89,NCT03053297,unjudged
7,BM25,90,NCT02491775,2
7,BM25,91,NCT02147990,2
7,BM25,92,NCT02759835,2
7,BM25,93,NCT02454933,2
7,BM25,94,NCT01647711,unjudged
7,BM25,95,NCT02451852,2
7,BM25,96,NCT00997334,2
7,BM25,97,NCT01833572,unjudged
7,BM25,98,NCT00567359,unjudged
7,BM25,99,NCT01922583,2
7,BM25,100,NCT03264794,unjudged
7,Hybrid RRF,1,NCT02448251,2
7,Hybrid RRF,2,NCT02666755,1
7,Hybrid RRF,3,NCT02330367,2
7,Hybrid RRF,4,NCT03790397,2
7,Hybrid RRF,5,NCT02418234,2
7,Hybrid RRF,6,NCT01562028,2
7,Hybrid RRF,7,NCT01526928,2
7,Hybrid RRF,8,NCT03389256,1
7,Hybrid RRF,9,NCT02959749,2
7,Hybrid RRF,10,NCT03300115,2
7,Hybrid RRF,11,NCT03452592,2
7,Hybrid RRF,12,NCT03137264,2
7,Hybrid RRF,13,NCT03228277,2
7,Hybrid RRF,14,NCT03766490,2
7,Hybrid RRF,15,NCT02841579,2
7,Hybrid RRF,16,NCT03861156,2
7,Hybrid RRF,17,NCT03236675,2
7,Hybrid RRF,18,NCT03765775,2
7,Hybrid RRF,19,NCT02777658,2
7,Hybrid RRF,20,NCT01523340,unjudged
7,Hybrid RRF,21,NCT02454842,2
7,Hybrid RRF,22,NCT02192697,2
7,Hybrid RRF,23,NCT01074177,2
7,Hybrid RRF,24,NCT02368990,2
7,Hybrid RRF,25,NCT02954523,2
7,Hybrid RRF,26,NCT01858389,2
7,Hybrid RRF,27,NCT03812809,2
7,Hybrid RRF,28,NCT02274337,2
7,Hybrid RRF,29,NCT03866499,2
7,Hybrid RRF,30,NCT02973763,2
7,Hybrid RRF,31,NCT02451852,2
7,Hybrid RRF,32,NCT02520778,2
7,Hybrid RRF,33,NCT03516214,unjudged
7,Hybrid RRF,34,NCT03519958,2
7,Hybrid RRF,35,NCT02422628,2
7,Hybrid RRF,36,NCT03865511,2
7,Hybrid RRF,37,NCT01441128,2
7,Hybrid RRF,38,NCT03576937,2
7,Hybrid RRF,39,NCT02355431,unjudged
7,Hybrid RRF,40,NCT02971501,unjudged
7,Hybrid RRF,41,NCT01106781,1
7,Hybrid RRF,42,NCT02496663,2
7,Hybrid RRF,43,NCT02095782,unjudged
7,Hybrid RRF,44,NCT02475720,1
7,Hybrid RRF,45,NCT02442349,2
7,Hybrid RRF,46,NCT02454933,2
7,Hybrid RRF,47,NCT03502850,2
7,Hybrid RRF,48,NCT03066206,unjudged
7,Hybrid RRF,49,NCT02771314,unjudged
7,Hybrid RRF,50,NCT03382795,2
7,Hybrid RRF,51,NCT03802240,1
7,Hybrid RRF,52,NCT02094261,unjudged
7,Hybrid RRF,53,NCT03133546,2
7,Hybrid RRF,54,NCT00717002,1
7,Hybrid RRF,55,NCT01255150,1
7,Hybrid RRF,56,NCT03455829,2
7,Hybrid RRF,57,NCT03831932,unjudged
7,Hybrid RRF,58,NCT01359436,1
7,Hybrid RRF,59,NCT02759835,2
7,Hybrid RRF,60,NCT03513666,2
7,Hybrid RRF,61,NCT01310036,1
7,Hybrid RRF,62,NCT01994057,unjudged
7,Hybrid RRF,63,NCT02503722,2
7,Hybrid RRF,64,NCT03562819,2
7,Hybrid RRF,65,NCT03433469,2
7,Hybrid RRF,66,NCT03515837,2
7,Hybrid RRF,67,NCT02293733,unjudged
7,Hybrid RRF,68,NCT02769286,1
7,Hybrid RRF,69,NCT01153399,1
7,Hybrid RRF,70,NCT01982955,unjudged
7,Hybrid RRF,71,NCT00815971,1
7,Hybrid RRF,72,NCT02575560,2
7,Hybrid RRF,73,NCT01100840,unjudged
7,Hybrid RRF,74,NCT02926768,2
7,Hybrid RRF,75,NCT01802632,1
7,Hybrid RRF,76,NCT01081496,unjudged
7,Hybrid RRF,77,NCT03071705,1
7,Hybrid RRF,78,NCT02891733,unjudged
7,Hybrid RRF,79,NCT03434418,unjudged
7,Hybrid RRF,80,NCT02644889,1
7,Hybrid RRF,81,NCT02349633,2
7,Hybrid RRF,82,NCT01774721,1
7,Hybrid RRF,83,NCT02777567,2
7,Hybrid RRF,84,NCT00339586,unjudged
7,Hybrid RRF,85,NCT03810066,2
7,Hybrid RRF,86,NCT00997230,unjudged
7,Hybrid RRF,87,NCT03924050,unjudged
7,Hybrid RRF,88,NCT02811354,2
7,Hybrid RRF,89,NCT03532698,2
7,Hybrid RRF,90,NCT03543683,2
7,Hybrid RRF,91,NCT02113813,1
7,Hybrid RRF,92,NCT03492801,2
7,Hybrid RRF,93,NCT02917993,unjudged
7,Hybrid RRF,94,NCT03239340,2
7,Hybrid RRF,95,NCT01522833,unjudged
7,Hybrid RRF,96,NCT02914990,unjudged
7,Hybrid RRF,97,NCT02450591,1
7,Hybrid RRF,98,NCT02228369,unjudged
7,Hybrid RRF,99,NCT01259089,unjudged
7,Hybrid RRF,100,NCT02547675,2
8,Vector,1,NCT02278978,1
8,Vector,2,NCT03410693,1
8,Vector,3,NCT01732107,1
8,Vector,4,NCT02592785,1
8,Vector,5,NCT03827850,0
8,Vector,6,NCT02872714,1
8,Vector,7,NCT03775265,0
8,Vector,8,NCT00790426,1
8,Vector,9,NCT03745911,0
8,Vector,10,NCT03121768,0
8,Vector,11,NCT02192697,unjudged
8,Vector,12,NCT00794950,0
8,Vector,13,NCT02925533,1
8,Vector,14,NCT00582387,0
8,Vector,15,NCT00005047,unjudged
8,Vector,16,NCT02648100,0
8,Vector,17,NCT01482676,0
8,Vector,18,NCT03673202,0
8,Vector,19,NCT01124682,0
8,Vector,20,NCT01741116,unjudged
8,Vector,21,NCT02657486,0
8,Vector,22,NCT02546661,0
8,Vector,23,NCT02699606,unjudged
8,Vector,24,NCT01004224,1
8,Vector,25,NCT00126958,0
8,Vector,26,NCT02535650,0
8,Vector,27,NCT02846766,1
8,Vector,28,NCT00299741,unjudged
8,Vector,29,NCT00918008,0
8,Vector,30,NCT00045630,0
8,Vector,31,NCT00003642,0
8,Vector,32,NCT03425201,unjudged
8,Vector,33,NCT03517956,1
8,Vector,34,NCT02608125,unjudged
8,Vector,35,NCT02052778,1
8,Vector,36,NCT00872495,0
8,Vector,37,NCT03790384,unjudged
8,Vector,38,NCT00315653,0
8,Vector,39,NCT01955408,0
8,Vector,40,NCT01442519,0
8,Vector,41,NCT00095589,0
8,Vector,42,NCT02500927,unjudged
8,Vector,43,NCT00002490,0
8,Vector,44,NCT01922232,0
8,Vector,45,NCT01976741,1
8,Vector,46,NCT01868022,unjudged
8,Vector,47,NCT00084578,0
8,Vector,48,NCT00938145,0
8,Vector,49,NCT01719549,0
8,Vector,50,NCT03914794,1
8,Vector,51,NCT01687244,0
8,Vector,52,NCT02038673,unjudged
8,Vector,53,NCT03834220,1
8,Vector,54,NCT02529553,1
8,Vector,55,NCT02824133,0
8,Vector,56,NCT02109016,0
8,Vector,57,NCT02489890,0
8,Vector,58,NCT00042887,0
8,Vector,59,NCT01627197,0
8,Vector,60,NCT02150967,0
8,Vector,61,NCT03762122,0
8,Vector,62,NCT03773302,unjudged
8,Vector,63,NCT03892642,0
8,Vector,64,NCT02957370,0
8,Vector,65,NCT01948141,unjudged
8,Vector,66,NCT02316548,unjudged
8,Vector,67,NCT01198808,0
8,Vector,68,NCT01655745,0
8,Vector,69,NCT03292133,unjudged
8,Vector,70,NCT00579514,unjudged
8,Vector,71,NCT01637935,0
8,Vector,72,NCT00085566,unjudged
8,Vector,73,NCT02113813,unjudged
8,Vector,74,NCT00002917,0
8,Vector,75,NCT01948297,unjudged
8,Vector,76,NCT03210714,unjudged
8,Vector,77,NCT02688348,0
8,Vector,78,NCT02149862,0
8,Vector,79,NCT02716896,0
8,Vector,80,NCT03144661,unjudged
8,Vector,81,NCT01180478,0
8,Vector,82,NCT03473756,unjudged
8,Vector,83,NCT00749892,0
8,Vector,84,NCT02246738,0
8,Vector,85,NCT02567409,0
8,Vector,86,NCT00907205,unjudged
8,Vector,87,NCT02706691,0
8,Vector,88,NCT00003779,0
8,Vector,89,NCT02735512,0
8,Vector,90,NCT03563443,0
8,Vector,91,NCT02965378,0
8,Vector,92,NCT00553124,0
8,Vector,93,NCT01795768,unjudged
8,Vector,94,NCT02745301,1
8,Vector,95,NCT03664258,0
8,Vector,96,NCT01094496,0
8,Vector,97,NCT03011372,unjudged
8,Vector,98,NCT01438112,0
8,Vector,99,NCT03866382,unjudged
8,Vector,100,NCT01551030,unjudged
8,BM25,1,NCT00126958,0
8,BM25,2,NCT01732107,1
8,BM25,3,NCT02401542,1
8,BM25,4,NCT01004224,1
8,BM25,5,NCT03827850,0
8,BM25,6,NCT00790426,1
8,BM25,7,NCT02748200,0
8,BM25,8,NCT02278978,1
8,BM25,9,NCT02925533,1
8,BM25,10,NCT01178736,unjudged
8,BM25,11,NCT01079533,unjudged
8,BM25,12,NCT00587132,unjudged
8,BM25,13,NCT02109016,0
8,BM25,14,NCT01976741,1
8,BM25,15,NCT02651883,unjudged
8,BM25,16,NCT00315653,0
8,BM25,17,NCT02529553,1
8,BM25,18,NCT02539329,0
8,BM25,19,NCT02993211,0
8,BM25,20,NCT03423082,unjudged
8,BM25,21,NCT02657486,0
8,BM25,22,NCT03452774,0
8,BM25,23,NCT03061760,0
8,BM25,24,NCT02047994,unjudged
8,BM25,25,NCT02957370,0
8,BM25,26,NCT00598806,0
8,BM25,27,NCT02052778,1
8,BM25,28,NCT02706691,0
8,BM25,29,NCT03563443,0
8,BM25,30,NCT03301051,unjudged
8,BM25,31,NCT02592785,1
8,BM25,32,NCT02438865,0
8,BM25,33,NCT02952534,unjudged
8,BM25,34,NCT02952573,0
8,BM25,35,NCT01489865,unjudged
8,BM25,36,NCT02975934,unjudged
8,BM25,37,NCT02005510,unjudged
8,BM25,38,NCT01191411,unjudged
8,BM25,39,NCT02164942,unjudged
8,BM25,40,NCT01627197,0
8,BM25,41,NCT01945164,1
8,BM25,42,NCT02546661,0
8,BM25,43,NCT00918008,0
8,BM25,44,NCT03724253,unjudged
8,BM25,45,NCT02688348,0
8,BM25,46,NCT03957135,unjudged
8,BM25,47,NCT00002540,unjudged
8,BM25,48,NCT03254888,0
8,BM25,49,NCT02662166,0
8,BM25,50,NCT00095589,0
8,BM25,51,NCT02951078,0
8,BM25,52,NCT03066310,0
8,BM25,53,NCT01542567,0
8,BM25,54,NCT03914794,1
8,BM25,55,NCT03664258,0
8,BM25,56,NCT03820063,unjudged
8,BM25,57,NCT01170754,unjudged
8,BM25,58,NCT01240824,0
8,BM25,59,NCT00826176,unjudged
8,BM25,60,NCT03892642,0
8,BM25,61,NCT00825812,unjudged
8,BM25,62,NCT03121768,0
8,BM25,63,NCT00004154,0
8,BM25,64,NCT00709462,unjudged
8,BM25,65,NCT02289053,unjudged
8,BM25,66,NCT01824329,0
8,BM25,67,NCT00084578,0
8,BM25,68,NCT02716896,0
8,BM25,69,NCT00006476,0
8,BM25,70,NCT00342875,0
8,BM25,71,NCT01180478,0
8,BM25,72,NCT00052637,0
8,BM25,73,NCT00106977,0
8,BM25,74,NCT01637935,0
8,BM25,75,NCT03533946,unjudged
8,BM25,76,NCT00648102,unjudged
8,BM25,77,NCT03317496,unjudged
8,BM25,78,NCT03035500,unjudged
8,BM25,79,NCT00949338,0
8,BM25,80,NCT02745301,1
8,BM25,81,NCT00393809,0
8,BM25,82,NCT02272998,1
8,BM25,83,NCT02324582,0
8,BM25,84,NCT00445601,0
8,BM25,85,NCT03159585,unjudged
8,BM25,86,NCT01687244,0
8,BM25,87,NCT00006124,0
8,BM25,88,NCT00041210,unjudged
8,BM25,89,NCT03673202,0
8,BM25,90,NCT00577512,0
8,BM25,91,NCT02535650,0
8,BM25,92,NCT03932565,unjudged
8,BM25,93,NCT01975701,0
8,BM25,94,NCT01050504,0
8,BM25,95,NCT01406860,unjudged
8,BM25,96,NCT00042887,0
8,BM25,97,NCT02316548,unjudged
8,BM25,98,NCT01096459,0
8,BM25,99,NCT00872495,0
8,BM25,100,NCT01955408,0
8,Hybrid RRF,1,NCT01732107,1
8,Hybrid RRF,2,NCT02278978,1
8,Hybrid RRF,3,NCT03827850,0
8,Hybrid RRF,4,NCT00790426,1
8,Hybrid RRF,5,NCT02925533,1
8,Hybrid RRF,6,NCT00126958,0
8,Hybrid RRF,7,NCT01004224,1
8,Hybrid RRF,8,NCT02592785,1
8,Hybrid RRF,9,NCT02657486,0
8,Hybrid RRF,10,NCT00315653,0
8,Hybrid RRF,11,NCT01976741,1
8,Hybrid RRF,12,NCT03121768,0
8,Hybrid RRF,13,NCT02109016,0
8,Hybrid RRF,14,NCT02052778,1
8,Hybrid RRF,15,NCT02546661,0
8,Hybrid RRF,16,NCT02529553,1
8,Hybrid RRF,17,NCT00918008,0
8,Hybrid RRF,18,NCT02957370,0
8,Hybrid RRF,19,NCT03673202,0
8,Hybrid RRF,20,NCT00095589,0
8,Hybrid RRF,21,NCT01627197,0
8,Hybrid RRF,22,NCT02535650,0
8,Hybrid RRF,23,NCT02706691,0
8,Hybrid RRF,24,NCT03563443,0
8,Hybrid RRF,25,NCT03914794,1
8,Hybrid RRF,26,NCT00084578,0
8,Hybrid RRF,27,NCT02688348,0
8,Hybrid RRF,28,NCT00872495,0
8,Hybrid RRF,29,NCT03892642,0
8,Hybrid RRF,30,NCT01955408,0
8,Hybrid RRF,31,NCT03410693,1
8,Hybrid RRF,32,NCT02401542,1
8,Hybrid RRF,33,NCT01687244,0
8,Hybrid RRF,34,NCT02872714,1
8,Hybrid RRF,35,NCT03664258,0
8,Hybrid RRF,36,NCT01637935,0
8,Hybrid RRF,37,NCT02716896,0
8,Hybrid RRF,38,NCT03775265,0
8,Hybrid RRF,39,NCT02748200,0
8,Hybrid RRF,40,NCT00042887,0
8,Hybrid RRF,41,NCT01180478,0
8,Hybrid RRF,42,NCT03745911,0
8,Hybrid RRF,43,NCT02316548,unjudged
8,Hybrid RRF,44,NCT01178736,unjudged
8,Hybrid RRF,45,NCT02192697,unjudged
8,Hybrid RRF,46,NCT01079533,unjudged
8,Hybrid RRF,47,NCT00794950,0
8,Hybrid RRF,48,NCT00587132,unjudged
8,Hybrid RRF,49,NCT02745301,1
8,Hybrid RRF,50,NCT00582387,0
8,Hybrid RRF,51,NCT00005047,unjudged
8,Hybrid RRF,52,NCT02651883,unjudged
8,Hybrid RRF,53,NCT02648100,0
8,Hybrid RRF,54,NCT01482676,0
8,Hybrid RRF,55,NCT02539329,0
8,Hybrid RRF,56,NCT01124682,0
8,Hybrid RRF,57,NCT02993211,0
8,Hybrid RRF,58,NCT01741116,unjudged
8,Hybrid RRF,59,NCT03423082,unjudged
8,Hybrid RRF,60,NCT03452774,0
8,Hybrid RRF,61,NCT02699606,unjudged
8,Hybrid RRF,62,NCT03061760,0
8,Hybrid RRF,63,NCT02047994,unjudged
8,Hybrid RRF,64,NCT00598806,0
8,Hybrid RRF,65,NCT02846766,1
8,Hybrid RRF,66,NCT00299741,unjudged
8,Hybrid RRF,67,NCT00045630,0
8,Hybrid RRF,68,NCT03301051,unjudged
8,Hybrid RRF,69,NCT00003642,0
8,Hybrid RRF,70,NCT03425201,unjudged
8,Hybrid RRF,71,NCT02438865,0
8,Hybrid RRF,72,NCT03517956,1
8,Hybrid RRF,73,NCT02952534,unjudged
8,Hybrid RRF,74,NCT02608125,unjudged
8,Hybrid RRF,75,NCT02952573,0
8,Hybrid RRF,76,NCT01489865,unjudged
8,Hybrid RRF,77,NCT02975934,unjudged
8,Hybrid RRF,78,NCT03790384,unjudged
8,Hybrid RRF,79,NCT02005510,unjudged
8,Hybrid RRF,80,NCT01191411,unjudged
8,Hybrid RRF,81,NCT02164942,unjudged
8,Hybrid RRF,82,NCT01442519,0
8,Hybrid RRF,83,NCT01945164,1
8,Hybrid RRF,84,NCT02500927,unjudged
8,Hybrid RRF,85,NCT00002490,0
8,Hybrid RRF,86,NCT01922232,0
8,Hybrid RRF,87,NCT03724253,unjudged
8,Hybrid RRF,88,NCT01868022,unjudged
8,Hybrid RRF,89,NCT03957135,unjudged
8,Hybrid RRF,90,NCT00002540,unjudged
8,Hybrid RRF,91,NCT00938145,0
8,Hybrid RRF,92,NCT03254888,0
8,Hybrid RRF,93,NCT01719549,0
8,Hybrid RRF,94,NCT02662166,0
8,Hybrid RRF,95,NCT02951078,0
8,Hybrid RRF,96,NCT02038673,unjudged
8,Hybrid RRF,97,NCT03066310,0
8,Hybrid RRF,98,NCT03834220,1
8,Hybrid RRF,99,NCT01542567,0
8,Hybrid RRF,100,NCT02824133,0
9,Vector,1,NCT00278876,1
9,Vector,2,NCT01907607,unjudged
9,Vector,3,NCT01227746,2
9,Vector,4,NCT01505205,2
9,Vector,5,NCT02606097,1
9,Vector,6,NCT02401815,2
9,Vector,7,NCT02015065,1
9,Vector,8,NCT01440959,2
9,Vector,9,NCT01416714,unjudged
9,Vector,10,NCT00367861,2
9,Vector,11,NCT00570635,2
9,Vector,12,NCT02260505,2
9,Vector,13,NCT00237185,2
9,Vector,14,NCT00290485,2
9,Vector,15,NCT00041197,unjudged
9,Vector,16,NCT00009906,2
9,Vector,17,NCT01172548,2
9,Vector,18,NCT02443948,2
9,Vector,19,NCT00025246,2
9,Vector,20,NCT00718211,0
9,Vector,21,NCT01389583,unjudged
9,Vector,22,NCT01541709,2
9,Vector,23,NCT02232620,unjudged
9,Vector,24,NCT00751036,2
9,Vector,25,NCT01462994,2
9,Vector,26,NCT02071940,0
9,Vector,27,NCT02776878,2
9,Vector,28,NCT00954655,2
9,Vector,29,NCT00640692,2
9,Vector,30,NCT01316263,2
9,Vector,31,NCT02365441,2
9,Vector,32,NCT00276302,0
9,Vector,33,NCT00135005,unjudged
9,Vector,34,NCT01039519,unjudged
9,Vector,35,NCT01874665,2
9,Vector,36,NCT01404650,0
9,Vector,37,NCT02461849,1
9,Vector,38,NCT02331914,2
9,Vector,39,NCT01506336,2
9,Vector,40,NCT00116935,2
9,Vector,41,NCT03109301,0
9,Vector,42,NCT01478373,2
9,Vector,43,NCT02576080,0
9,Vector,44,NCT03165721,1
9,Vector,45,NCT00028002,2
9,Vector,46,NCT00112632,2
9,Vector,47,NCT01267695,2
9,Vector,48,NCT01991379,0
9,Vector,49,NCT00005597,0
9,Vector,50,NCT02607332,2
9,Vector,51,NCT02257541,unjudged
9,Vector,52,NCT01091207,0
9,Vector,53,NCT01694277,2
9,Vector,54,NCT03944304,2
9,Vector,55,NCT01865565,2
9,Vector,56,NCT00265798,2
9,Vector,57,NCT03609424,2
9,Vector,58,NCT00585221,0
9,Vector,59,NCT03440515,2
9,Vector,60,NCT03158103,unjudged
9,Vector,61,NCT00254267,0
9,Vector,62,NCT00633295,0
9,Vector,63,NCT00500188,2
9,Vector,64,NCT00812240,unjudged
9,Vector,65,NCT00103168,2
9,Vector,66,NCT01396148,0
9,Vector,67,NCT00718562,0
9,Vector,68,NCT03556384,0
9,Vector,69,NCT01270893,2
9,Vector,70,NCT03238820,0
9,Vector,71,NCT02413736,2
9,Vector,72,NCT02400385,unjudged
9,Vector,73,NCT02712112,unjudged
9,Vector,74,NCT02924714,2
9,Vector,75,NCT01688232,unjudged
9,Vector,76,NCT00171977,unjudged
9,Vector,77,NCT01524848,2
9,Vector,78,NCT02268435,2
9,Vector,79,NCT03092128,2
9,Vector,80,NCT02315625,0
9,Vector,81,NCT02417753,unjudged
9,Vector,82,NCT00685828,2
9,Vector,83,NCT00006357,1
9,Vector,84,NCT02009423,2
9,Vector,85,NCT02877368,0
9,Vector,86,NCT02508532,2
9,Vector,87,NCT01613053,unjudged
9,Vector,88,NCT02884154,0
9,Vector,89,NCT02216578,0
9,Vector,90,NCT00457743,unjudged
9,Vector,91,NCT02931981,0
9,Vector,92,NCT01178307,0
9,Vector,93,NCT03601234,unjudged
9,Vector,94,NCT01031056,unjudged
9,Vector,95,NCT00867113,2
9,Vector,96,NCT01151852,2
9,Vector,97,NCT03171389,2
9,Vector,98,NCT00087074,0
9,Vector,99,NCT01028222,0
9,Vector,100,NCT00091078,unjudged
9,BM25,1,NCT02443948,2
9,BM25,2,NCT01874665,2
9,BM25,3,NCT02776878,2
9,BM25,4,NCT00278876,1
9,BM25,5,NCT01227746,2
9,BM25,6,NCT02401815,2
9,BM25,7,NCT02331914,2
9,BM25,8,NCT02606097,1
9,BM25,9,NCT03125200,unjudged
9,BM25,10,NCT00290485,2
9,BM25,11,NCT03238820,0
9,BM25,12,NCT00237185,2
9,BM25,13,NCT01541709,2
9,BM25,14,NCT00954655,2
9,BM25,15,NCT01738139,2
9,BM25,16,NCT02336724,0
9,BM25,17,NCT01922583,0
9,BM25,18,NCT01694277,2
9,BM25,19,NCT00812240,unjudged
9,BM25,20,NCT01172548,2
9,BM25,21,NCT00265798,2
9,BM25,22,NCT00685828,2
9,BM25,23,NCT03066206,unjudged
9,BM25,24,NCT00956072,2
9,BM25,25,NCT01462994,2
9,BM25,26,NCT01505205,2
9,BM25,27,NCT03092128,2
9,BM25,28,NCT03171389,2
9,BM25,29,NCT01396148,0
9,BM25,30,NCT01316263,2
9,BM25,31,NCT00568750,0
9,BM25,32,NCT01089881,unjudged
9,BM25,33,NCT00112632,2
9,BM25,34,NCT02009423,2
9,BM25,35,NCT00640692,2
9,BM25,36,NCT03716089,unjudged
9,BM25,37,NCT00367861,2
9,BM25,38,NCT00940563,2
9,BM25,39,NCT03471273,0
9,BM25,40,NCT00009906,2
9,BM25,41,NCT02232620,unjudged
9,BM25,42,NCT00028002,2
9,BM25,43,NCT00103168,2
9,BM25,44,NCT00041197,unjudged
9,BM25,45,NCT01524848,2
9,BM25,46,NCT02260505,2
9,BM25,47,NCT01267695,2
9,BM25,48,NCT01389583,unjudged
9,BM25,49,NCT03440515,2
9,BM25,50,NCT00500188,2
9,BM25,51,NCT02171286,2
9,BM25,52,NCT00932724,0
9,BM25,53,NCT00718211,0
9,BM25,54,NCT01506336,2
9,BM25,55,NCT00171977,unjudged
9,BM25,56,NCT03847519,unjudged
9,BM25,57,NCT01865565,2
9,BM25,58,NCT00751036,2
9,BM25,59,NCT01440959,2
9,BM25,60,NCT02931981,0
9,BM25,61,NCT03822741,0
9,BM25,62,NCT00025246,2
9,BM25,63,NCT01079546,unjudged
9,BM25,64,NCT02638766,1
9,BM25,65,NCT01907607,unjudged
9,BM25,66,NCT00622089,0
9,BM25,67,NCT02508532,2
9,BM25,68,NCT02576080,0
9,BM25,69,NCT02015065,1
9,BM25,70,NCT03165721,1
9,BM25,71,NCT01114087,0
9,BM25,72,NCT00116935,2
9,BM25,73,NCT02629523,unjudged
9,BM25,74,NCT02301962,unjudged
9,BM25,75,NCT03432624,unjudged
9,BM25,76,NCT02413736,2
9,BM25,77,NCT03556384,0
9,BM25,78,NCT01151852,2
9,BM25,79,NCT02880020,unjudged
9,BM25,80,NCT00091078,unjudged
9,BM25,81,NCT02353052,unjudged
9,BM25,82,NCT00006357,1
9,BM25,83,NCT00867113,2
9,BM25,84,NCT00631618,unjudged
9,BM25,85,NCT00633295,0
9,BM25,86,NCT00769782,0
9,BM25,87,NCT00171912,unjudged
9,BM25,88,NCT00005597,0
9,BM25,89,NCT00276302,0
9,BM25,90,NCT00675857,0
9,BM25,91,NCT01478373,2
9,BM25,92,NCT03649919,0
9,BM25,93,NCT00372567,unjudged
9,BM25,94,NCT00756509,unjudged
9,BM25,95,NCT01817946,unjudged
9,BM25,96,NCT00764595,0
9,BM25,97,NCT03944304,2
9,BM25,98,NCT02632448,0
9,BM25,99,NCT02877368,0
9,BM25,100,NCT03147976,0
9,Hybrid RRF,1,NCT00278876,1
9,Hybrid RRF,2,NCT01227746,2
9,Hybrid RRF,3,NCT02401815,2
9,Hybrid RRF,4,NCT02606097,1
9,Hybrid RRF,5,NCT02443948,2
9,Hybrid RRF,6,NCT00290485,2
9,Hybrid RRF,7,NCT00237185,2
9,Hybrid RRF,8,NCT02776878,2
9,Hybrid RRF,9,NCT01505205,2
9,Hybrid RRF,10,NCT01874665,2
9,Hybrid RRF,11,NCT01541709,2
9,Hybrid RRF,12,NCT01172548,2
9,Hybrid RRF,13,NCT02331914,2
9,Hybrid RRF,14,NCT00954655,2
9,Hybrid RRF,15,NCT00367861,2
9,Hybrid RRF,16,NCT01907607,unjudged
9,Hybrid RRF,17,NCT01462994,2
9,Hybrid RRF,18,NCT02260505,2
9,Hybrid RRF,19,NCT00009906,2
9,Hybrid RRF,20,NCT01440959,2
9,Hybrid RRF,21,NCT00041197,unjudged
9,Hybrid RRF,22,NCT02015065,1
9,Hybrid RRF,23,NCT01316263,2
9,Hybrid RRF,24,NCT02232620,unjudged
9,Hybrid RRF,25,NCT03238820,0
9,Hybrid RRF,26,NCT00640692,2
9,Hybrid RRF,27,NCT01694277,2
9,Hybrid RRF,28,NCT01389583,unjudged
9,Hybrid RRF,29,NCT00718211,0
9,Hybrid RRF,30,NCT00265798,2
9,Hybrid RRF,31,NCT00025246,2
9,Hybrid RRF,32,NCT00812240,unjudged
9,Hybrid RRF,33,NCT00751036,2
9,Hybrid RRF,34,NCT00112632,2
9,Hybrid RRF,35,NCT00028002,2
9,Hybrid RRF,36,NCT00685828,2
9,Hybrid RRF,37,NCT01396148,0
9,Hybrid RRF,38,NCT01506336,2
9,Hybrid RRF,39,NCT01267695,2
9,Hybrid RRF,40,NCT03092128,2
9,Hybrid RRF,41,NCT03171389,2
9,Hybrid RRF,42,NCT00103168,2
9,Hybrid RRF,43,NCT02009423,2
9,Hybrid RRF,44,NCT00276302,0
9,Hybrid RRF,45,NCT03440515,2
9,Hybrid RRF,46,NCT00116935,2
9,Hybrid RRF,47,NCT02576080,0
9,Hybrid RRF,48,NCT03165721,1
9,Hybrid RRF,49,NCT01865565,2
9,Hybrid RRF,50,NCT00500188,2
9,Hybrid RRF,51,NCT01524848,2
9,Hybrid RRF,52,NCT01478373,2
9,Hybrid RRF,53,NCT00171977,unjudged
9,Hybrid RRF,54,NCT00005597,0
9,Hybrid RRF,55,NCT03944304,2
9,Hybrid RRF,56,NCT03556384,0
9,Hybrid RRF,57,NCT00633295,0
9,Hybrid RRF,58,NCT02413736,2
9,Hybrid RRF,59,NCT02931981,0
9,Hybrid RRF,60,NCT02508532,2
9,Hybrid RRF,61,NCT01416714,unjudged
9,Hybrid RRF,62,NCT03125200,unjudged
9,Hybrid RRF,63,NCT00570635,2
9,Hybrid RRF,64,NCT00006357,1
9,Hybrid RRF,65,NCT01151852,2
9,Hybrid RRF,66,NCT00867113,2
9,Hybrid RRF,67,NCT00091078,unjudged
9,Hybrid RRF,68,NCT01738139,2
9,Hybrid RRF,69,NCT02877368,0
9,Hybrid RRF,70,NCT02336724,0
9,Hybrid RRF,71,NCT01922583,0
9,Hybrid RRF,72,NCT03066206,unjudged
9,Hybrid RRF,73,NCT00956072,2
9,Hybrid RRF,74,NCT02071940,0
9,Hybrid RRF,75,NCT02365441,2
9,Hybrid RRF,76,NCT00568750,0
9,Hybrid RRF,77,NCT01089881,unjudged
9,Hybrid RRF,78,NCT00135005,unjudged
9,Hybrid RRF,79,NCT01039519,unjudged
9,Hybrid RRF,80,NCT01404650,0
9,Hybrid RRF,81,NCT03716089,unjudged
9,Hybrid RRF,82,NCT02461849,1
9,Hybrid RRF,83,NCT00940563,2
9,Hybrid RRF,84,NCT03471273,0
9,Hybrid RRF,85,NCT03109301,0
9,Hybrid RRF,86,NCT01991379,0
9,Hybrid RRF,87,NCT02607332,2
9,Hybrid RRF,88,NCT02257541,unjudged
9,Hybrid RRF,89,NCT02171286,2
9,Hybrid RRF,90,NCT01091207,0
9,Hybrid RRF,91,NCT00932724,0
9,Hybrid RRF,92,NCT03847519,unjudged
9,Hybrid RRF,93,NCT03609424,2
9,Hybrid RRF,94,NCT00585221,0
9,Hybrid RRF,95,NCT03158103,unjudged
9,Hybrid RRF,96,NCT00254267,0
9,Hybrid RRF,97,NCT03822741,0
9,Hybrid RRF,98,NCT01079546,unjudged
9,Hybrid RRF,99,NCT02638766,1
9,Hybrid RRF,100,NCT00622089,0
15,Vector,1,NCT03171636,1
15,Vector,2,NCT01082757,0
15,Vector,3,NCT03951233,1
15,Vector,4,NCT03681483,1
15,Vector,5,NCT00956280,1
15,Vector,6,NCT01362296,1
15,Vector,7,NCT03647098,1
15,Vector,8,NCT03101839,1
15,Vector,9,NCT01833143,1
15,Vector,10,NCT03107156,0
15,Vector,11,NCT03785249,1
15,Vector,12,NCT01023828,1
15,Vector,13,NCT03764371,1
15,Vector,14,NCT03704688,1
15,Vector,15,NCT03190941,1
15,Vector,16,NCT03600883,1
15,Vector,17,NCT02186236,unjudged
15,Vector,18,NCT01951690,1
15,Vector,19,NCT03777124,1
15,Vector,20,NCT03299088,1
15,Vector,21,NCT01774526,1
15,Vector,22,NCT03745326,1
15,Vector,23,NCT01380795,unjudged
15,Vector,24,NCT01588860,0
15,Vector,25,NCT02827565,0
15,Vector,26,NCT03693326,unjudged
15,Vector,27,NCT01501604,unjudged
15,Vector,28,NCT03004105,unjudged
15,Vector,29,NCT00429858,0
15,Vector,30,NCT02784639,0
15,Vector,31,NCT03592888,0
15,Vector,32,NCT01360931,2
15,Vector,33,NCT02381808,2
15,Vector,34,NCT03040986,0
15,Vector,35,NCT02898857,2
15,Vector,36,NCT00898924,1
15,Vector,37,NCT02975752,1
15,Vector,38,NCT02642042,1
15,Vector,39,NCT02039336,1
15,Vector,40,NCT02152631,1
15,Vector,41,NCT03808558,1
15,Vector,42,NCT02127359,2
15,Vector,43,NCT02751177,0
15,Vector,44,NCT02696525,unjudged
15,Vector,45,NCT03220230,unjudged
15,Vector,46,NCT02833467,1
15,Vector,47,NCT02450656,1
15,Vector,48,NCT01994057,unjudged
15,Vector,49,NCT01351103,unjudged
15,Vector,50,NCT02194738,unjudged
15,Vector,51,NCT00997230,unjudged
15,Vector,52,NCT03090815,1
15,Vector,53,NCT01255150,unjudged
15,Vector,54,NCT03520842,unjudged
15,Vector,55,NCT02321046,unjudged
15,Vector,56,NCT02743923,1
15,Vector,57,NCT02407509,1
15,Vector,58,NCT03951389,0
15,Vector,59,NCT01106781,1
15,Vector,60,NCT01151007,unjudged
15,Vector,61,NCT03059641,unjudged
15,Vector,62,NCT01124669,1
15,Vector,63,NCT03399487,1
15,Vector,64,NCT02185690,unjudged
15,Vector,65,NCT00818675,1
15,Vector,66,NCT01912625,2
15,Vector,67,NCT02648724,unjudged
15,Vector,68,NCT01754025,unjudged
15,Vector,69,NCT03600701,unjudged
15,Vector,70,NCT01352273,unjudged
15,Vector,71,NCT03415126,1
15,Vector,72,NCT02279004,unjudged
15,Vector,73,NCT01229150,1
15,Vector,74,NCT01320254,unjudged
15,Vector,75,NCT01014286,unjudged
15,Vector,76,NCT02491775,1
15,Vector,77,NCT01570296,unjudged
15,Vector,78,NCT03136523,1
15,Vector,79,NCT03845296,unjudged
15,Vector,80,NCT00900328,1
15,Vector,81,NCT02695849,unjudged
15,Vector,82,NCT01153399,unjudged
15,Vector,83,NCT01829217,2
15,Vector,84,NCT03214991,unjudged
15,Vector,85,NCT02372448,unjudged
15,Vector,86,NCT02253251,1
15,Vector,87,NCT02964689,1
15,Vector,88,NCT02282267,unjudged
15,Vector,89,NCT01986166,1
15,Vector,90,NCT01482572,1
15,Vector,91,NCT01103128,unjudged
15,Vector,92,NCT03558165,1
15,Vector,93,NCT01859026,unjudged
15,Vector,94,NCT02230553,1
15,Vector,95,NCT00339586,unjudged
15,Vector,96,NCT03118817,1
15,Vector,97,NCT00397384,1
15,Vector,98,NCT02644889,unjudged
15,Vector,99,NCT01081496,unjudged
15,Vector,100,NCT02738684,unjudged
15,BM25,1,NCT02784639,0
15,BM25,2,NCT03190941,1
15,BM25,3,NCT03592888,0
15,BM25,4,NCT03948763,1
15,BM25,5,NCT03668119,1
15,BM25,6,NCT03765736,0
15,BM25,7,NCT01362296,1
15,BM25,8,NCT03171636,1
15,BM25,9,NCT01774526,1
15,BM25,10,NCT03911557,1
15,BM25,11,NCT03832621,0
15,BM25,12,NCT03550755,unjudged
15,BM25,13,NCT01801904,0
15,BM25,14,NCT03029065,1
15,BM25,15,NCT00397384,1
15,BM25,16,NCT01562899,0
15,BM25,17,NCT03146962,1
15,BM25,18,NCT03266159,1
15,BM25,19,NCT00973193,0
15,BM25,20,NCT02743923,1
15,BM25,21,NCT00005838,unjudged
15,BM25,22,NCT01243372,unjudged
15,BM25,23,NCT03452774,unjudged
15,BM25,24,NCT01229150,1
15,BM25,25,NCT00891930,0
15,BM25,26,NCT03777124,1
15,BM25,27,NCT03040791,0
15,BM25,28,NCT01038037,unjudged
15,BM25,29,NCT01588860,0
15,BM25,30,NCT01163058,unjudged
15,BM25,31,NCT03823625,unjudged
15,BM25,32,NCT03265496,1
15,BM25,33,NCT00816868,unjudged
15,BM25,34,NCT03666273,1
15,BM25,35,NCT01308840,unjudged
15,BM25,36,NCT01229813,0
15,BM25,37,NCT03764371,1
15,BM25,38,NCT03637491,1
15,BM25,39,NCT01506973,unjudged
15,BM25,40,NCT03415126,1
15,BM25,41,NCT01082757,0
15,BM25,42,NCT03824704,0
15,BM25,43,NCT03827850,1
15,BM25,44,NCT02834013,0
15,BM25,45,NCT03638297,unjudged
15,BM25,46,NCT02888743,unjudged
15,BM25,47,NCT03809403,unjudged
15,BM25,48,NCT01631539,unjudged
15,BM25,49,NCT02898857,2
15,BM25,50,NCT01443377,unjudged
15,BM25,51,NCT03090815,1
15,BM25,52,NCT02422628,unjudged
15,BM25,53,NCT02810262,2
15,BM25,54,NCT02975752,1
15,BM25,55,NCT00017537,unjudged
15,BM25,56,NCT03227926,unjudged
15,BM25,57,NCT01347866,1
15,BM25,58,NCT02848651,1
15,BM25,59,NCT00601796,1
15,BM25,60,NCT01910610,unjudged
15,BM25,61,NCT03671720,1
15,BM25,62,NCT01380795,unjudged
15,BM25,63,NCT03516981,unjudged
15,BM25,64,NCT03429803,unjudged
15,BM25,65,NCT01294306,1
15,BM25,66,NCT02341118,unjudged
15,BM25,67,NCT03000374,unjudged
15,BM25,68,NCT00316888,unjudged
15,BM25,69,NCT01039948,1
15,BM25,70,NCT03704688,1
15,BM25,71,NCT02738684,unjudged
15,BM25,72,NCT00495924,unjudged
15,BM25,73,NCT03519412,unjudged
15,BM25,74,NCT01138085,unjudged
15,BM25,75,NCT01383538,unjudged
15,BM25,76,NCT00079274,0
15,BM25,77,NCT03380468,0
15,BM25,78,NCT01642342,2
15,BM25,79,NCT02072616,0
15,BM25,80,NCT01522820,unjudged
15,BM25,81,NCT00344773,1
15,BM25,82,NCT00334815,0
15,BM25,83,NCT02576080,unjudged
15,BM25,84,NCT01627379,0
15,BM25,85,NCT01257360,unjudged
15,BM25,86,NCT00778830,0
15,BM25,87,NCT00126581,2
15,BM25,88,NCT03683407,1
15,BM25,89,NCT00770263,unjudged
15,BM25,90,NCT03396211,0
15,BM25,91,NCT02503358,unjudged
15,BM25,92,NCT01358812,0
15,BM25,93,NCT02974426,unjudged
15,BM25,94,NCT03951389,0
15,BM25,95,NCT01482572,1
15,BM25,96,NCT01715441,unjudged
15,BM25,97,NCT00533949,unjudged
15,BM25,98,NCT03724253,unjudged
15,BM25,99,NCT00042835,0
15,BM25,100,NCT02511288,unjudged
15,Hybrid RRF,1,NCT03171636,1
15,Hybrid RRF,2,NCT01362296,1
15,Hybrid RRF,3,NCT03190941,1
15,Hybrid RRF,4,NCT02784639,0
15,Hybrid RRF,5,NCT03592888,0
15,Hybrid RRF,6,NCT01774526,1
15,Hybrid RRF,7,NCT01082757,0
15,Hybrid RRF,8,NCT03777124,1
15,Hybrid RRF,9,NCT03764371,1
15,Hybrid RRF,10,NCT01588860,0
15,Hybrid RRF,11,NCT03704688,1
15,Hybrid RRF,12,NCT02743923,1
15,Hybrid RRF,13,NCT01380795,unjudged
15,Hybrid RRF,14,NCT00397384,1
15,Hybrid RRF,15,NCT02898857,2
15,Hybrid RRF,16,NCT01229150,1
15,Hybrid RRF,17,NCT02975752,1
15,Hybrid RRF,18,NCT03090815,1
15,Hybrid RRF,19,NCT03415126,1
15,Hybrid RRF,20,NCT03951233,1
15,Hybrid RRF,21,NCT03681483,1
15,Hybrid RRF,22,NCT03948763,1
15,Hybrid RRF,23,NCT00956280,1
15,Hybrid RRF,24,NCT03668119,1
15,Hybrid RRF,25,NCT03765736,0
15,Hybrid RRF,26,NCT03951389,0
15,Hybrid RRF,27,NCT03647098,1
15,Hybrid RRF,28,NCT03101839,1
15,Hybrid RRF,29,NCT01833143,1
15,Hybrid RRF,30,NCT03107156,0
15,Hybrid RRF,31,NCT03911557,1
15,Hybrid RRF,32,NCT03785249,1
15,Hybrid RRF,33,NCT03832621,0
15,Hybrid RRF,34,NCT01023828,1
15,Hybrid RRF,35,NCT03550755,unjudged
15,Hybrid RRF,36,NCT02738684,unjudged
15,Hybrid RRF,37,NCT01801904,0
15,Hybrid RRF,38,NCT03029065,1
15,Hybrid RRF,39,NCT03600883,1
15,Hybrid RRF,40,NCT01562899,0
15,Hybrid RRF,41,NCT01482572,1
15,Hybrid RRF,42,NCT02186236,unjudged
15,Hybrid RRF,43,NCT03146962,1
15,Hybrid RRF,44,NCT01951690,1
15,Hybrid RRF,45,NCT03266159,1
15,Hybrid RRF,46,NCT00973193,0
15,Hybrid RRF,47,NCT03299088,1
15,Hybrid RRF,48,NCT00005838,unjudged
15,Hybrid RRF,49,NCT03745326,1
15,Hybrid RRF,50,NCT01243372,unjudged
15,Hybrid RRF,51,NCT03452774,unjudged
15,Hybrid RRF,52,NCT02827565,0
15,Hybrid RRF,53,NCT00891930,0
15,Hybrid RRF,54,NCT03693326,unjudged
15,Hybrid RRF,55,NCT01501604,unjudged
15,Hybrid RRF,56,NCT03040791,0
15,Hybrid RRF,57,NCT03004105,unjudged
15,Hybrid RRF,58,NCT01038037,unjudged
15,Hybrid RRF,59,NCT00429858,0
15,Hybrid RRF,60,NCT01163058,unjudged
15,Hybrid RRF,61,NCT03823625,unjudged
15,Hybrid RRF,62,NCT01360931,2
15,Hybrid RRF,63,NCT03265496,1
15,Hybrid RRF,64,NCT02381808,2
15,Hybrid RRF,65,NCT00816868,unjudged
15,Hybrid RRF,66,NCT03040986,0
15,Hybrid RRF,67,NCT03666273,1
15,Hybrid RRF,68,NCT01308840,unjudged
15,Hybrid RRF,69,NCT00898924,1
15,Hybrid RRF,70,NCT01229813,0
15,Hybrid RRF,71,NCT02642042,1
15,Hybrid RRF,72,NCT03637491,1
15,Hybrid RRF,73,NCT02039336,1
15,Hybrid RRF,74,NCT01506973,unjudged
15,Hybrid RRF,75,NCT02152631,1
15,Hybrid RRF,76,NCT03808558,1
15,Hybrid RRF,77,NCT02127359,2
15,Hybrid RRF,78,NCT03824704,0
15,Hybrid RRF,79,NCT02751177,0
15,Hybrid RRF,80,NCT03827850,1
15,Hybrid RRF,81,NCT02696525,unjudged
15,Hybrid RRF,82,NCT02834013,0
15,Hybrid RRF,83,NCT03220230,unjudged
15,Hybrid RRF,84,NCT03638297,unjudged
15,Hybrid RRF,85,NCT02833467,1
15,Hybrid RRF,86,NCT02888743,unjudged
15,Hybrid RRF,87,NCT02450656,1
15,Hybrid RRF,88,NCT03809403,unjudged
15,Hybrid RRF,89,NCT01994057,unjudged
15,Hybrid RRF,90,NCT01631539,unjudged
15,Hybrid RRF,91,NCT01351103,unjudged
15,Hybrid RRF,92,NCT02194738,unjudged
15,Hybrid RRF,93,NCT01443377,unjudged
15,Hybrid RRF,94,NCT00997230,unjudged
15,Hybrid RRF,95,NCT02422628,unjudged
15,Hybrid RRF,96,NCT01255150,unjudged
15,Hybrid RRF,97,NCT02810262,2
15,Hybrid RRF,98,NCT03520842,unjudged
15,Hybrid RRF,99,NCT02321046,unjudged
15,Hybrid RRF,100,NCT00017537,unjudged
16,Vector,1,NCT01417442,2
16,Vector,2,NCT02561533,2
16,Vector,3,NCT02323724,1
16,Vector,4,NCT01534897,1
16,Vector,5,NCT03363347,2
16,Vector,6,NCT02814032,0
16,Vector,7,NCT03002623,0
16,Vector,8,NCT01700699,1
16,Vector,9,NCT00970359,1
16,Vector,10,NCT02456701,1
16,Vector,11,NCT01830504,0
16,Vector,12,NCT03808779,0
16,Vector,13,NCT02145143,1
16,Vector,14,NCT03830242,0
16,Vector,15,NCT02152995,0
16,Vector,16,NCT01248936,unjudged
16,Vector,17,NCT01586520,0
16,Vector,18,NCT01947023,1
16,Vector,19,NCT02408887,1
16,Vector,20,NCT03889769,unjudged
16,Vector,21,NCT00251316,0
16,Vector,22,NCT01286753,2
16,Vector,23,NCT01974284,0
16,Vector,24,NCT01264380,0
16,Vector,25,NCT01089335,0
16,Vector,26,NCT03432299,0
16,Vector,27,NCT02776969,0
16,Vector,28,NCT00559949,2
16,Vector,29,NCT01240590,1
16,Vector,30,NCT02663232,unjudged
16,Vector,31,NCT03693326,unjudged
16,Vector,32,NCT02404441,0
16,Vector,33,NCT01811212,1
16,Vector,34,NCT03488134,0
16,Vector,35,NCT01384669,0
16,Vector,36,NCT01253564,unjudged
16,Vector,37,NCT02573259,unjudged
16,Vector,38,NCT01738451,unjudged
16,Vector,39,NCT01543698,1
16,Vector,40,NCT02609685,0
16,Vector,41,NCT03181100,1
16,Vector,42,NCT00795782,0
16,Vector,43,NCT03150121,unjudged
16,Vector,44,NCT03244956,1
16,Vector,45,NCT00551486,1
16,Vector,46,NCT00115739,unjudged
16,Vector,47,NCT02915432,unjudged
16,Vector,48,NCT00439127,0
16,Vector,49,NCT00134043,0
16,Vector,50,NCT03630120,0
16,Vector,51,NCT02208544,0
16,Vector,52,NCT02428712,unjudged
16,Vector,53,NCT01121640,unjudged
16,Vector,54,NCT01143753,1
16,Vector,55,NCT01352273,unjudged
16,Vector,56,NCT00176748,unjudged
16,Vector,57,NCT02143999,unjudged
16,Vector,58,NCT00155935,unjudged
16,Vector,59,NCT02012231,0
16,Vector,60,NCT03914300,0
16,Vector,61,NCT03224767,0
16,Vector,62,NCT03182257,unjudged
16,Vector,63,NCT02768207,0
16,Vector,64,NCT03013257,unjudged
16,Vector,65,NCT03536897,unjudged
16,Vector,66,NCT02303444,0
16,Vector,67,NCT02836548,unjudged
16,Vector,68,NCT03493230,unjudged
16,Vector,69,NCT01804140,0
16,Vector,70,NCT02109653,0
16,Vector,71,NCT00897208,unjudged
16,Vector,72,NCT01136967,0
16,Vector,73,NCT01037127,unjudged
16,Vector,74,NCT01898585,unjudged
16,Vector,75,NCT01777776,unjudged
16,Vector,76,NCT02862470,unjudged
16,Vector,77,NCT00026533,0
16,Vector,78,NCT02552121,unjudged
16,Vector,79,NCT00888134,1
16,Vector,80,NCT01262963,1
16,Vector,81,NCT01946100,unjudged
16,Vector,82,NCT03643055,unjudged
16,Vector,83,NCT00287287,0
16,Vector,84,NCT00405587,1
16,Vector,85,NCT03752398,unjudged
16,Vector,86,NCT00043472,unjudged
16,Vector,87,NCT01820364,0
16,Vector,88,NCT00128635,unjudged
16,Vector,89,NCT03211117,1
16,Vector,90,NCT03214978,unjudged
16,Vector,91,NCT01826448,unjudged
16,Vector,92,NCT01208051,1
16,Vector,93,NCT00173394,unjudged
16,Vector,94,NCT00034281,unjudged
16,Vector,95,NCT00104871,0
16,Vector,96,NCT02906943,unjudged
16,Vector,97,NCT02751177,unjudged
16,Vector,98,NCT01709292,2
16,Vector,99,NCT02263898,unjudged
16,Vector,100,NCT03839342,0
16,BM25,1,NCT01417442,2
16,BM25,2,NCT02561533,2
16,BM25,3,NCT02323724,1
16,BM25,4,NCT03363347,2
16,BM25,5,NCT01534897,1
16,BM25,6,NCT03224767,0
16,BM25,7,NCT02408887,1
16,BM25,8,NCT01286753,2
16,BM25,9,NCT01524978,0
16,BM25,10,NCT00559949,2
16,BM25,11,NCT03830242,0
16,BM25,12,NCT01384669,0
16,BM25,13,NCT01804140,0
16,BM25,14,NCT03432299,0
16,BM25,15,NCT01502410,0
16,BM25,16,NCT01811212,1
16,BM25,17,NCT03808779,0
16,BM25,18,NCT02609685,0
16,BM25,19,NCT00970359,1
16,BM25,20,NCT02814032,0
16,BM25,21,NCT00026533,0
16,BM25,22,NCT00251316,0
16,BM25,23,NCT02456701,1
16,BM25,24,NCT03585686,0
16,BM25,25,NCT02648399,0
16,BM25,26,NCT00459459,0
16,BM25,27,NCT01089335,0
16,BM25,28,NCT01709292,2
16,BM25,29,NCT00287287,0
16,BM25,30,NCT01947023,1
16,BM25,31,NCT01928940,0
16,BM25,32,NCT02418390,0
16,BM25,33,NCT02784639,unjudged
16,BM25,34,NCT01974284,0
16,BM25,35,NCT00795782,0
16,BM25,36,NCT02034110,0
16,BM25,37,NCT01723202,1
16,BM25,38,NCT00439127,0
16,BM25,39,NCT02776969,0
16,BM25,40,NCT01586195,0
16,BM25,41,NCT01103557,0
16,BM25,42,NCT02152995,0
16,BM25,43,NCT00405587,1
16,BM25,44,NCT03889769,unjudged
16,BM25,45,NCT03488134,0
16,BM25,46,NCT01136967,0
16,BM25,47,NCT01208051,1
16,BM25,48,NCT03224208,0
16,BM25,49,NCT00104871,0
16,BM25,50,NCT02012231,0
16,BM25,51,NCT02862470,unjudged
16,BM25,52,NCT01897116,0
16,BM25,53,NCT03454477,0
16,BM25,54,NCT01137097,unjudged
16,BM25,55,NCT02416232,0
16,BM25,56,NCT02027961,0
16,BM25,57,NCT01264380,0
16,BM25,58,NCT02788669,0
16,BM25,59,NCT00134043,0
16,BM25,60,NCT02145143,1
16,BM25,61,NCT00451880,1
16,BM25,62,NCT03593993,unjudged
16,BM25,63,NCT03727763,0
16,BM25,64,NCT01677741,0
16,BM25,65,NCT03002623,0
16,BM25,66,NCT01243372,0
16,BM25,67,NCT00888134,1
16,BM25,68,NCT02367859,0
16,BM25,69,NCT02672358,0
16,BM25,70,NCT01390818,1
16,BM25,71,NCT03878719,unjudged
16,BM25,72,NCT02231775,0
16,BM25,73,NCT02196181,unjudged
16,BM25,74,NCT01166126,unjudged
16,BM25,75,NCT03543306,0
16,BM25,76,NCT01942993,0
16,BM25,77,NCT01584648,unjudged
16,BM25,78,NCT03898908,0
16,BM25,79,NCT03037385,0
16,BM25,80,NCT03914300,0
16,BM25,81,NCT01597908,0
16,BM25,82,NCT03244956,1
16,BM25,83,NCT00068497,0
16,BM25,84,NCT03951597,unjudged
16,BM25,85,NCT02460068,0
16,BM25,86,NCT02928224,unjudged
16,BM25,87,NCT01830504,0
16,BM25,88,NCT03042221,0
16,BM25,89,NCT03944356,0
16,BM25,90,NCT01964144,0
16,BM25,91,NCT01248936,unjudged
16,BM25,92,NCT03429803,unjudged
16,BM25,93,NCT03553329,0
16,BM25,94,NCT03234127,unjudged
16,BM25,95,NCT01813136,unjudged
16,BM25,96,NCT02428712,unjudged
16,BM25,97,NCT03721120,unjudged
16,BM25,98,NCT02208544,0
16,BM25,99,NCT03693170,unjudged
16,BM25,100,NCT03155217,unjudged
16,Hybrid RRF,1,NCT01417442,2
16,Hybrid RRF,2,NCT02561533,2
16,Hybrid RRF,3,NCT02323724,1
16,Hybrid RRF,4,NCT01534897,1
16,Hybrid RRF,5,NCT03363347,2
16,Hybrid RRF,6,NCT02814032,0
16,Hybrid RRF,7,NCT03830242,0
16,Hybrid RRF,8,NCT02408887,1
16,Hybrid RRF,9,NCT00970359,1
16,Hybrid RRF,10,NCT01286753,2
16,Hybrid RRF,11,NCT03808779,0
16,Hybrid RRF,12,NCT02456701,1
16,Hybrid RRF,13,NCT00559949,2
16,Hybrid RRF,14,NCT03432299,0
16,Hybrid RRF,15,NCT00251316,0
16,Hybrid RRF,16,NCT01384669,0
16,Hybrid RRF,17,NCT01947023,1
16,Hybrid RRF,18,NCT01811212,1
16,Hybrid RRF,19,NCT03224767,0
16,Hybrid RRF,20,NCT01089335,0
16,Hybrid RRF,21,NCT02152995,0
16,Hybrid RRF,22,NCT03002623,0
16,Hybrid RRF,23,NCT02609685,0
16,Hybrid RRF,24,NCT01974284,0
16,Hybrid RRF,25,NCT03889769,unjudged
16,Hybrid RRF,26,NCT02145143,1
16,Hybrid RRF,27,NCT02776969,0
16,Hybrid RRF,28,NCT01804140,0
16,Hybrid RRF,29,NCT01830504,0
16,Hybrid RRF,30,NCT01264380,0
16,Hybrid RRF,31,NCT00795782,0
16,Hybrid RRF,32,NCT03488134,0
16,Hybrid RRF,33,NCT01248936,unjudged
16,Hybrid RRF,34,NCT00026533,0
16,Hybrid RRF,35,NCT00439127,0
16,Hybrid RRF,36,NCT00287287,0
16,Hybrid RRF,37,NCT01709292,2
16,Hybrid RRF,38,NCT00134043,0
16,Hybrid RRF,39,NCT02012231,0
16,Hybrid RRF,40,NCT01136967,0
16,Hybrid RRF,41,NCT03244956,1
16,Hybrid RRF,42,NCT00405587,1
16,Hybrid RRF,43,NCT02862470,unjudged
16,Hybrid RRF,44,NCT01208051,1
16,Hybrid RRF,45,NCT00104871,0
16,Hybrid RRF,46,NCT03914300,0
16,Hybrid RRF,47,NCT02428712,unjudged
16,Hybrid RRF,48,NCT02208544,0
16,Hybrid RRF,49,NCT00888134,1
16,Hybrid RRF,50,NCT01700699,1
16,Hybrid RRF,51,NCT01524978,0
16,Hybrid RRF,52,NCT01502410,0
16,Hybrid RRF,53,NCT01586520,0
16,Hybrid RRF,54,NCT03585686,0
16,Hybrid RRF,55,NCT02648399,0
16,Hybrid RRF,56,NCT00459459,0
16,Hybrid RRF,57,NCT01240590,1
16,Hybrid RRF,58,NCT02663232,unjudged
16,Hybrid RRF,59,NCT03693326,unjudged
16,Hybrid RRF,60,NCT01928940,0
16,Hybrid RRF,61,NCT02404441,0
16,Hybrid RRF,62,NCT02418390,0
16,Hybrid RRF,63,NCT02784639,unjudged
16,Hybrid RRF,64,NCT01253564,unjudged
16,Hybrid RRF,65,NCT02034110,0
16,Hybrid RRF,66,NCT02573259,unjudged
16,Hybrid RRF,67,NCT01723202,1
16,Hybrid RRF,68,NCT01738451,unjudged
16,Hybrid RRF,69,NCT01543698,1
16,Hybrid RRF,70,NCT01586195,0
16,Hybrid RRF,71,NCT03181100,1
16,Hybrid RRF,72,NCT01103557,0
16,Hybrid RRF,73,NCT03150121,unjudged
16,Hybrid RRF,74,NCT00551486,1
16,Hybrid RRF,75,NCT00115739,unjudged
16,Hybrid RRF,76,NCT02915432,unjudged
16,Hybrid RRF,77,NCT03224208,0
16,Hybrid RRF,78,NCT03630120,0
16,Hybrid RRF,79,NCT01897116,0
16,Hybrid RRF,80,NCT01121640,unjudged
16,Hybrid RRF,81,NCT03454477,0
16,Hybrid RRF,82,NCT01143753,1
16,Hybrid RRF,83,NCT01137097,unjudged
16,Hybrid RRF,84,NCT01352273,unjudged
16,Hybrid RRF,85,NCT02416232,0
16,Hybrid RRF,86,NCT00176748,unjudged
16,Hybrid RRF,87,NCT02027961,0
16,Hybrid RRF,88,NCT02143999,unjudged
16,Hybrid RRF,89,NCT00155935,unjudged
16,Hybrid RRF,90,NCT02788669,0
16,Hybrid RRF,91,NCT00451880,1
16,Hybrid RRF,92,NCT03182257,unjudged
16,Hybrid RRF,93,NCT03593993,unjudged
16,Hybrid RRF,94,NCT02768207,0
16,Hybrid RRF,95,NCT03727763,0
16,Hybrid RRF,96,NCT03013257,unjudged
16,Hybrid RRF,97,NCT01677741,0
16,Hybrid RRF,98,NCT03536897,unjudged
16,Hybrid RRF,99,NCT02303444,0
16,Hybrid RRF,100,NCT01243372,0
18,Vector,1,NCT01051934,0
18,Vector,2,NCT01249053,0
18,Vector,3,NCT03042221,1
18,Vector,4,NCT03399487,0
18,Vector,5,NCT02843711,0
18,Vector,6,NCT03866993,unjudged
18,Vector,7,NCT01946100,0
18,Vector,8,NCT03764371,unjudged
18,Vector,9,NCT02239432,0
18,Vector,10,NCT03558165,0
18,Vector,11,NCT00883480,unjudged
18,Vector,12,NCT03497624,0
18,Vector,13,NCT02696525,1
18,Vector,14,NCT02554591,0
18,Vector,15,NCT02372448,unjudged
18,Vector,16,NCT01385722,1
18,Vector,17,NCT01774526,0
18,Vector,18,NCT01441128,unjudged
18,Vector,19,NCT01362296,1
18,Vector,20,NCT01124669,1
18,Vector,21,NCT02428712,unjudged
18,Vector,22,NCT01639508,unjudged
18,Vector,23,NCT02146118,0
18,Vector,24,NCT01574300,unjudged
18,Vector,25,NCT03866980,unjudged
18,Vector,26,NCT01829217,0
18,Vector,27,NCT02381808,1
18,Vector,28,NCT02281214,1
18,Vector,29,NCT02946359,0
18,Vector,30,NCT01529112,unjudged
18,Vector,31,NCT03915951,1
18,Vector,32,NCT01014286,unjudged
18,Vector,33,NCT02450591,unjudged
18,Vector,34,NCT01851096,unjudged
18,Vector,35,NCT02833467,unjudged
18,Vector,36,NCT02810262,1
18,Vector,37,NCT02893332,unjudged
18,Vector,38,NCT00705549,unjudged
18,Vector,39,NCT01502202,0
18,Vector,40,NCT02186236,1
18,Vector,41,NCT01964157,0
18,Vector,42,NCT03220230,0
18,Vector,43,NCT01877083,0
18,Vector,44,NCT02109016,unjudged
18,Vector,45,NCT03239340,unjudged
18,Vector,46,NCT00455936,0
18,Vector,47,NCT03656393,unjudged
18,Vector,48,NCT02729298,unjudged
18,Vector,49,NCT02511288,1
18,Vector,50,NCT00888134,1
18,Vector,51,NCT02611570,unjudged
18,Vector,52,NCT01352273,unjudged
18,Vector,53,NCT01380795,unjudged
18,Vector,54,NCT02768207,0
18,Vector,55,NCT03721120,1
18,Vector,56,NCT03792074,unjudged
18,Vector,57,NCT02282267,unjudged
18,Vector,58,NCT02951637,0
18,Vector,59,NCT01351103,1
18,Vector,60,NCT03865511,unjudged
18,Vector,61,NCT02195336,unjudged
18,Vector,62,NCT01424709,unjudged
18,Vector,63,NCT03292133,unjudged
18,Vector,64,NCT02979821,0
18,Vector,65,NCT03861156,unjudged
18,Vector,66,NCT03693326,unjudged
18,Vector,67,NCT02425748,unjudged
18,Vector,68,NCT01100840,0
18,Vector,69,NCT01819428,unjudged
18,Vector,70,NCT01777776,0
18,Vector,71,NCT03265496,unjudged
18,Vector,72,NCT03107156,0
18,Vector,73,NCT03434418,unjudged
18,Vector,74,NCT02889666,unjudged
18,Vector,75,NCT00198380,unjudged
18,Vector,76,NCT03905317,0
18,Vector,77,NCT03136523,unjudged
18,Vector,78,NCT03419286,unjudged
18,Vector,79,NCT02353741,unjudged
18,Vector,80,NCT00816868,unjudged
18,Vector,81,NCT02671045,unjudged
18,Vector,82,NCT02491775,unjudged
18,Vector,83,NCT03896503,unjudged
18,Vector,84,NCT02718651,unjudged
18,Vector,85,NCT01510405,unjudged
18,Vector,86,NCT00531401,unjudged
18,Vector,87,NCT00763607,unjudged
18,Vector,88,NCT03432598,0
18,Vector,89,NCT01647867,unjudged
18,Vector,90,NCT00983307,unjudged
18,Vector,91,NCT02644889,unjudged
18,Vector,92,NCT02422628,unjudged
18,Vector,93,NCT02621333,0
18,Vector,94,NCT02109653,1
18,Vector,95,NCT02961283,unjudged
18,Vector,96,NCT02087423,unjudged
18,Vector,97,NCT03334617,0
18,Vector,98,NCT02875340,unjudged
18,Vector,99,NCT03240549,0
18,Vector,100,NCT00087412,unjudged
18,BM25,1,NCT01249053,0
18,BM25,2,NCT01351103,1
18,BM25,3,NCT03042221,1
18,BM25,4,NCT02285439,0
18,BM25,5,NCT03234127,unjudged
18,BM25,6,NCT01774526,0
18,BM25,7,NCT03155217,unjudged
18,BM25,8,NCT03429803,1
18,BM25,9,NCT01362296,1
18,BM25,10,NCT02587650,0
18,BM25,11,NCT02252185,unjudged
18,BM25,12,NCT01922583,1
18,BM25,13,NCT03037385,0
18,BM25,14,NCT01308840,unjudged
18,BM25,15,NCT01352884,0
18,BM25,16,NCT03059641,0
18,BM25,17,NCT03049618,unjudged
18,BM25,18,NCT01588860,0
18,BM25,19,NCT03363217,0
18,BM25,20,NCT02631447,unjudged
18,BM25,21,NCT03415126,1
18,BM25,22,NCT03779191,0
18,BM25,23,NCT03399487,0
18,BM25,24,NCT03755102,0
18,BM25,25,NCT02010047,0
18,BM25,26,NCT02647476,unjudged
18,BM25,27,NCT03432598,0
18,BM25,28,NCT02228421,0
18,BM25,29,NCT01823068,0
18,BM25,30,NCT01089101,0
18,BM25,31,NCT03361319,0
18,BM25,32,NCT02381808,1
18,BM25,33,NCT02314143,0
18,BM25,34,NCT03146962,0
18,BM25,35,NCT03777124,unjudged
18,BM25,36,NCT02495896,0
18,BM25,37,NCT03436056,unjudged
18,BM25,38,NCT00846664,unjudged
18,BM25,39,NCT01523639,unjudged
18,BM25,40,NCT02502240,0
18,BM25,41,NCT03658928,unjudged
18,BM25,42,NCT02810262,1
18,BM25,43,NCT02880293,unjudged
18,BM25,44,NCT02857270,1
18,BM25,45,NCT03376737,0
18,BM25,46,NCT01385722,1
18,BM25,47,NCT02330458,unjudged
18,BM25,48,NCT03764371,unjudged
18,BM25,49,NCT03787056,0
18,BM25,50,NCT02280187,unjudged
18,BM25,51,NCT01826448,unjudged
18,BM25,52,NCT03576937,1
18,BM25,53,NCT03843775,1
18,BM25,54,NCT03380468,0
18,BM25,55,NCT03322826,unjudged
18,BM25,56,NCT03438747,unjudged
18,BM25,57,NCT02132143,unjudged
18,BM25,58,NCT02738684,0
18,BM25,59,NCT03255083,0
18,BM25,60,NCT01803282,0
18,BM25,61,NCT03558165,0
18,BM25,62,NCT01358812,0
18,BM25,63,NCT03599518,0
18,BM25,64,NCT03178851,unjudged
18,BM25,65,NCT01610570,unjudged
18,BM25,66,NCT01586195,unjudged
18,BM25,67,NCT01100840,0
18,BM25,68,NCT02854124,unjudged
18,BM25,69,NCT02242773,0
18,BM25,70,NCT02788669,0
18,BM25,71,NCT02990416,unjudged
18,BM25,72,NCT02041468,0
18,BM25,73,NCT03240549,0
18,BM25,74,NCT02296112,unjudged
18,BM25,75,NCT03000374,0
18,BM25,76,NCT02278133,0
18,BM25,77,NCT03792074,unjudged
18,BM25,78,NCT03790228,0
18,BM25,79,NCT03827850,0
18,BM25,80,NCT02428712,unjudged
18,BM25,81,NCT00198380,unjudged
18,BM25,82,NCT03230279,unjudged
18,BM25,83,NCT02611570,unjudged
18,BM25,84,NCT02259114,0
18,BM25,85,NCT01640444,0
18,BM25,86,NCT02288026,unjudged
18,BM25,87,NCT02346955,unjudged
18,BM25,88,NCT01972347,0
18,BM25,89,NCT03845296,0
18,BM25,90,NCT01964157,0
18,BM25,91,NCT03696212,unjudged
18,BM25,92,NCT02303054,unjudged
18,BM25,93,NCT03612154,0
18,BM25,94,NCT03732352,unjudged
18,BM25,95,NCT01765569,0
18,BM25,96,NCT03497624,0
18,BM25,97,NCT00310219,unjudged
18,BM25,98,NCT01383876,unjudged
18,BM25,99,NCT03915951,1
18,BM25,100,NCT03851445,0
18,Hybrid RRF,1,NCT01249053,0
18,Hybrid RRF,2,NCT03042221,1
18,Hybrid RRF,3,NCT01774526,0
18,Hybrid RRF,4,NCT03399487,0
18,Hybrid RRF,5,NCT01362296,1
18,Hybrid RRF,6,NCT01351103,1
18,Hybrid RRF,7,NCT03764371,unjudged
18,Hybrid RRF,8,NCT01385722,1
18,Hybrid RRF,9,NCT03558165,0
18,Hybrid RRF,10,NCT02381808,1
18,Hybrid RRF,11,NCT03497624,0
18,Hybrid RRF,12,NCT02810262,1
18,Hybrid RRF,13,NCT02428712,unjudged
18,Hybrid RRF,14,NCT03432598,0
18,Hybrid RRF,15,NCT03915951,1
18,Hybrid RRF,16,NCT01964157,0
18,Hybrid RRF,17,NCT01051934,0
18,Hybrid RRF,18,NCT02611570,unjudged
18,Hybrid RRF,19,NCT03792074,unjudged
18,Hybrid RRF,20,NCT01100840,0
18,Hybrid RRF,21,NCT02285439,0
18,Hybrid RRF,22,NCT02843711,0
18,Hybrid RRF,23,NCT03234127,unjudged
18,Hybrid RRF,24,NCT03866993,unjudged
18,Hybrid RRF,25,NCT01946100,0
18,Hybrid RRF,26,NCT03155217,unjudged
18,Hybrid RRF,27,NCT03429803,1
18,Hybrid RRF,28,NCT00198380,unjudged
18,Hybrid RRF,29,NCT02239432,0
18,Hybrid RRF,30,NCT02587650,0
18,Hybrid RRF,31,NCT00883480,unjudged
18,Hybrid RRF,32,NCT02252185,unjudged
18,Hybrid RRF,33,NCT01922583,1
18,Hybrid RRF,34,NCT03240549,0
18,Hybrid RRF,35,NCT02696525,1
18,Hybrid RRF,36,NCT03037385,0
18,Hybrid RRF,37,NCT02554591,0
18,Hybrid RRF,38,NCT01308840,unjudged
18,Hybrid RRF,39,NCT02372448,unjudged
18,Hybrid RRF,40,NCT01352884,0
18,Hybrid RRF,41,NCT03059641,0
18,Hybrid RRF,42,NCT03049618,unjudged
18,Hybrid RRF,43,NCT01441128,unjudged
18,Hybrid RRF,44,NCT01588860,0
18,Hybrid RRF,45,NCT03363217,0
18,Hybrid RRF,46,NCT01124669,1
18,Hybrid RRF,47,NCT02631447,unjudged
18,Hybrid RRF,48,NCT03415126,1
18,Hybrid RRF,49,NCT01639508,unjudged
18,Hybrid RRF,50,NCT03779191,0
18,Hybrid RRF,51,NCT02146118,0
18,Hybrid RRF,52,NCT01574300,unjudged
18,Hybrid RRF,53,NCT03755102,0
18,Hybrid RRF,54,NCT03866980,unjudged
18,Hybrid RRF,55,NCT02010047,0
18,Hybrid RRF,56,NCT01829217,0
18,Hybrid RRF,57,NCT02647476,unjudged
18,Hybrid RRF,58,NCT02281214,1
18,Hybrid RRF,59,NCT02228421,0
18,Hybrid RRF,60,NCT02946359,0
18,Hybrid RRF,61,NCT01823068,0
18,Hybrid RRF,62,NCT01529112,unjudged
18,Hybrid RRF,63,NCT01089101,0
18,Hybrid RRF,64,NCT03361319,0
18,Hybrid RRF,65,NCT01014286,unjudged
18,Hybrid RRF,66,NCT02450591,unjudged
18,Hybrid RRF,67,NCT02314143,0
18,Hybrid RRF,68,NCT01851096,unjudged
18,Hybrid RRF,69,NCT03146962,0
18,Hybrid RRF,70,NCT02833467,unjudged
18,Hybrid RRF,71,NCT03777124,unjudged
18,Hybrid RRF,72,NCT02495896,0
18,Hybrid RRF,73,NCT02893332,unjudged
18,Hybrid RRF,74,NCT03436056,unjudged
18,Hybrid RRF,75,NCT00705549,unjudged
18,Hybrid RRF,76,NCT00846664,unjudged
18,Hybrid RRF,77,NCT01502202,0
18,Hybrid RRF,78,NCT01523639,unjudged
18,Hybrid RRF,79,NCT02186236,1
18,Hybrid RRF,80,NCT02502240,0
18,Hybrid RRF,81,NCT03658928,unjudged
18,Hybrid RRF,82,NCT03220230,0
18,Hybrid RRF,83,NCT01877083,0
18,Hybrid RRF,84,NCT02880293,unjudged
18,Hybrid RRF,85,NCT02109016,unjudged
18,Hybrid RRF,86,NCT02857270,1
18,Hybrid RRF,87,NCT03239340,unjudged
18,Hybrid RRF,88,NCT03376737,0
18,Hybrid RRF,89,NCT00455936,0
18,Hybrid RRF,90,NCT03656393,unjudged
18,Hybrid RRF,91,NCT02330458,unjudged
18,Hybrid RRF,92,NCT02729298,unjudged
18,Hybrid RRF,93,NCT02511288,1
18,Hybrid RRF,94,NCT03787056,0
18,Hybrid RRF,95,NCT00888134,1
18,Hybrid RRF,96,NCT02280187,unjudged
18,Hybrid RRF,97,NCT01826448,unjudged
18,Hybrid RRF,98,NCT01352273,unjudged
18,Hybrid RRF,99,NCT03576937,1
18,Hybrid RRF,100,NCT01380795,unjudged
22,Vector,1,NCT03951389,2
22,Vector,2,NCT03002727,unjudged
22,Vector,3,NCT01501604,2
22,Vector,4,NCT02945033,2
22,Vector,5,NCT01640444,unjudged
22,Vector,6,NCT02861300,2
22,Vector,7,NCT00897429,2
22,Vector,8,NCT02959541,unjudged
22,Vector,9,NCT00004210,unjudged
22,Vector,10,NCT02172651,unjudged
22,Vector,11,NCT01346579,0
22,Vector,12,NCT00907205,unjudged
22,Vector,13,NCT01219699,1
22,Vector,14,NCT01904968,unjudged
22,Vector,15,NCT02189174,1
22,Vector,16,NCT00550628,unjudged
22,Vector,17,NCT01186705,2
22,Vector,18,NCT00958737,0
22,Vector,19,NCT01550380,unjudged
22,Vector,20,NCT01333475,0
22,Vector,21,NCT00044967,unjudged
22,Vector,22,NCT02467582,2
22,Vector,23,NCT00003571,0
22,Vector,24,NCT02644122,unjudged
22,Vector,25,NCT02451956,0
22,Vector,26,NCT01708161,1
22,Vector,27,NCT02928120,unjudged
22,Vector,28,NCT03427268,unjudged
22,Vector,29,NCT02289053,unjudged
22,Vector,30,NCT03028831,unjudged
22,Vector,31,NCT02786602,unjudged
22,Vector,32,NCT02728258,0
22,Vector,33,NCT00019006,unjudged
22,Vector,34,NCT00055848,0
22,Vector,35,NCT03089268,0
22,Vector,36,NCT01793207,unjudged
22,Vector,37,NCT02788669,0
22,Vector,38,NCT00590434,0
22,Vector,39,NCT01972737,unjudged
22,Vector,40,NCT01613950,0
22,Vector,41,NCT01108107,2
22,Vector,42,NCT02549989,unjudged
22,Vector,43,NCT00927680,unjudged
22,Vector,44,NCT02594150,unjudged
22,Vector,45,NCT02129218,0
22,Vector,46,NCT00475722,unjudged
22,Vector,47,NCT03563651,2
22,Vector,48,NCT03803553,unjudged
22,Vector,49,NCT02506556,0
22,Vector,50,NCT00016133,0
22,Vector,51,NCT01013324,0
22,Vector,52,NCT02274753,2
22,Vector,53,NCT01308086,unjudged
22,Vector,54,NCT00932724,unjudged
22,Vector,55,NCT02961283,2
22,Vector,56,NCT03728348,unjudged
22,Vector,57,NCT00003594,unjudged
22,Vector,58,NCT01846143,unjudged
22,Vector,59,NCT01623349,unjudged
22,Vector,60,NCT01682473,unjudged
22,Vector,61,NCT03597204,0
22,Vector,62,NCT03317119,0
22,Vector,63,NCT01775254,0
22,Vector,64,NCT03436563,unjudged
22,Vector,65,NCT01593098,unjudged
22,Vector,66,NCT00079274,0
22,Vector,67,NCT01647776,unjudged
22,Vector,68,NCT00002593,0
22,Vector,69,NCT00470782,0
22,Vector,70,NCT00153816,unjudged
22,Vector,71,NCT03467308,0
22,Vector,72,NCT03261752,unjudged
22,Vector,73,NCT03479645,unjudged
22,Vector,74,NCT00898781,unjudged
22,Vector,75,NCT03416777,unjudged
22,Vector,76,NCT00005981,unjudged
22,Vector,77,NCT02485561,unjudged
22,Vector,78,NCT03191110,unjudged
22,Vector,79,NCT00975897,unjudged
22,Vector,80,NCT02186236,unjudged
22,Vector,81,NCT03637686,0
22,Vector,82,NCT02912559,unjudged
22,Vector,83,NCT01989546,unjudged
22,Vector,84,NCT02647099,2
22,Vector,85,NCT00843375,unjudged
22,Vector,86,NCT03809403,unjudged
22,Vector,87,NCT03360461,0
22,Vector,88,NCT01079533,0
22,Vector,89,NCT00955188,unjudged
22,Vector,90,NCT03447431,0
22,Vector,91,NCT01688232,unjudged
22,Vector,92,NCT00003648,0
22,Vector,93,NCT02863107,unjudged
22,Vector,94,NCT03304990,unjudged
22,Vector,95,NCT01304602,unjudged
22,Vector,96,NCT03365882,unjudged
22,Vector,97,NCT03279198,unjudged
22,Vector,98,NCT00208793,unjudged
22,Vector,99,NCT01882660,unjudged
22,Vector,100,NCT01447199,unjudged
22,BM25,1,NCT02688881,1
22,BM25,2,NCT01501604,2
22,BM25,3,NCT02861300,2
22,BM25,4,NCT03951389,2
22,BM25,5,NCT01108107,2
22,BM25,6,NCT02467582,2
22,BM25,7,NCT02289053,unjudged
22,BM25,8,NCT01802320,2
22,BM25,9,NCT00565708,2
22,BM25,10,NCT01102556,unjudged
22,BM25,11,NCT00399607,unjudged
22,BM25,12,NCT02301286,0
22,BM25,13,NCT03464305,0
22,BM25,14,NCT03317119,0
22,BM25,15,NCT01923168,0
22,BM25,16,NCT02647099,2
22,BM25,17,NCT01186705,2
22,BM25,18,NCT00897429,2
22,BM25,19,NCT02510118,0
22,BM25,20,NCT02728258,0
22,BM25,21,NCT02738359,0
22,BM25,22,NCT02404844,0
22,BM25,23,NCT02189174,1
22,BM25,24,NCT01882660,unjudged
22,BM25,25,NCT01447199,unjudged
22,BM25,26,NCT01346579,0
22,BM25,27,NCT00267072,unjudged
22,BM25,28,NCT02882269,unjudged
22,BM25,29,NCT02682589,0
22,BM25,30,NCT01861691,0
22,BM25,31,NCT03006172,1
22,BM25,32,NCT01776008,0
22,BM25,33,NCT03794193,0
22,BM25,34,NCT02274753,2
22,BM25,35,NCT02466906,0
22,BM25,36,NCT02389842,1
22,BM25,37,NCT00991003,0
22,BM25,38,NCT02912052,unjudged
22,BM25,39,NCT02485561,unjudged
22,BM25,40,NCT02041507,unjudged
22,BM25,41,NCT03432806,unjudged
22,BM25,42,NCT03056755,0
22,BM25,43,NCT02449564,1
22,BM25,44,NCT02449538,1
22,BM25,45,NCT01277757,0
22,BM25,46,NCT00494611,0
22,BM25,47,NCT02260661,1
22,BM25,48,NCT01625286,unjudged
22,BM25,49,NCT03641976,unjudged
22,BM25,50,NCT02595645,0
22,BM25,51,NCT00550628,unjudged
22,BM25,52,NCT02340221,unjudged
22,BM25,53,NCT01643499,unjudged
22,BM25,54,NCT02081742,0
22,BM25,55,NCT02774512,0
22,BM25,56,NCT01723774,0
22,BM25,57,NCT02324023,0
22,BM25,58,NCT01522677,unjudged
22,BM25,59,NCT01284504,0
22,BM25,60,NCT00897988,0
22,BM25,61,NCT03280511,unjudged
22,BM25,62,NCT00927680,unjudged
22,BM25,63,NCT03495674,unjudged
22,BM25,64,NCT01219699,1
22,BM25,65,NCT03484195,unjudged
22,BM25,66,NCT02619942,unjudged
22,BM25,67,NCT01109615,0
22,BM25,68,NCT01466257,0
22,BM25,69,NCT03391934,unjudged
22,BM25,70,NCT01704703,1
22,BM25,71,NCT03047837,2
22,BM25,72,NCT01775254,0
22,BM25,73,NCT01415479,unjudged
22,BM25,74,NCT00332280,unjudged
22,BM25,75,NCT02451956,0
22,BM25,76,NCT01226316,1
22,BM25,77,NCT02912559,unjudged
22,BM25,78,NCT02644122,unjudged
22,BM25,79,NCT00354705,unjudged
22,BM25,80,NCT02596113,0
22,BM25,81,NCT00201331,unjudged
22,BM25,82,NCT00893295,0
22,BM25,83,NCT02428296,unjudged
22,BM25,84,NCT03162016,unjudged
22,BM25,85,NCT03721133,unjudged
22,BM25,86,NCT03538665,unjudged
22,BM25,87,NCT01151007,0
22,BM25,88,NCT01928459,1
22,BM25,89,NCT01296555,1
22,BM25,90,NCT03360461,0
22,BM25,91,NCT00033748,unjudged
22,BM25,92,NCT00740532,0
22,BM25,93,NCT02406547,0
22,BM25,94,NCT00792363,unjudged
22,BM25,95,NCT00903565,unjudged
22,BM25,96,NCT01513356,0
22,BM25,97,NCT00253539,unjudged
22,BM25,98,NCT03448549,unjudged
22,BM25,99,NCT03338985,0
22,BM25,100,NCT02172651,unjudged
22,Hybrid RRF,1,NCT03951389,2
22,Hybrid RRF,2,NCT01501604,2
22,Hybrid RRF,3,NCT02861300,2
22,Hybrid RRF,4,NCT00897429,2
22,Hybrid RRF,5,NCT02467582,2
22,Hybrid RRF,6,NCT02289053,unjudged
22,Hybrid RRF,7,NCT01186705,2
22,Hybrid RRF,8,NCT01346579,0
22,Hybrid RRF,9,NCT02189174,1
22,Hybrid RRF,10,NCT01108107,2
22,Hybrid RRF,11,NCT02728258,0
22,Hybrid RRF,12,NCT00550628,unjudged
22,Hybrid RRF,13,NCT01219699,1
22,Hybrid RRF,14,NCT03317119,0
22,Hybrid RRF,15,NCT02172651,unjudged
22,Hybrid RRF,16,NCT02647099,2
22,Hybrid RRF,17,NCT02274753,2
22,Hybrid RRF,18,NCT02451956,0
22,Hybrid RRF,19,NCT02644122,unjudged
22,Hybrid RRF,20,NCT01882660,unjudged
22,Hybrid RRF,21,NCT01447199,unjudged
22,Hybrid RRF,22,NCT00927680,unjudged
22,Hybrid RRF,23,NCT02485561,unjudged
22,Hybrid RRF,24,NCT02688881,1
22,Hybrid RRF,25,NCT03002727,unjudged
22,Hybrid RRF,26,NCT01775254,0
22,Hybrid RRF,27,NCT02945033,2
22,Hybrid RRF,28,NCT01640444,unjudged
22,Hybrid RRF,29,NCT02959541,unjudged
22,Hybrid RRF,30,NCT01802320,2
22,Hybrid RRF,31,NCT00004210,unjudged
22,Hybrid RRF,32,NCT00565708,2
22,Hybrid RRF,33,NCT02912559,unjudged
22,Hybrid RRF,34,NCT01102556,unjudged
22,Hybrid RRF,35,NCT00399607,unjudged
22,Hybrid RRF,36,NCT00907205,unjudged
22,Hybrid RRF,37,NCT02301286,0
22,Hybrid RRF,38,NCT03464305,0
22,Hybrid RRF,39,NCT01904968,unjudged
22,Hybrid RRF,40,NCT03360461,0
22,Hybrid RRF,41,NCT01923168,0
22,Hybrid RRF,42,NCT00958737,0
22,Hybrid RRF,43,NCT01550380,unjudged
22,Hybrid RRF,44,NCT02510118,0
22,Hybrid RRF,45,NCT01333475,0
22,Hybrid RRF,46,NCT00044967,unjudged
22,Hybrid RRF,47,NCT02738359,0
22,Hybrid RRF,48,NCT02404844,0
22,Hybrid RRF,49,NCT00003571,0
22,Hybrid RRF,50,NCT01708161,1
22,Hybrid RRF,51,NCT02928120,unjudged
22,Hybrid RRF,52,NCT00267072,unjudged
22,Hybrid RRF,53,NCT03427268,unjudged
22,Hybrid RRF,54,NCT02882269,unjudged
22,Hybrid RRF,55,NCT02682589,0
22,Hybrid RRF,56,NCT03028831,unjudged
22,Hybrid RRF,57,NCT01861691,0
22,Hybrid RRF,58,NCT02786602,unjudged
22,Hybrid RRF,59,NCT03006172,1
22,Hybrid RRF,60,NCT01776008,0
22,Hybrid RRF,61,NCT00019006,unjudged
22,Hybrid RRF,62,NCT03794193,0
22,Hybrid RRF,63,NCT00055848,0
22,Hybrid RRF,64,NCT03089268,0
22,Hybrid RRF,65,NCT02466906,0
22,Hybrid RRF,66,NCT01793207,unjudged
22,Hybrid RRF,67,NCT02389842,1
22,Hybrid RRF,68,NCT02788669,0
22,Hybrid RRF,69,NCT00991003,0
22,Hybrid RRF,70,NCT00590434,0
22,Hybrid RRF,71,NCT02912052,unjudged
22,Hybrid RRF,72,NCT01972737,unjudged
22,Hybrid RRF,73,NCT01613950,0
22,Hybrid RRF,74,NCT02041507,unjudged
22,Hybrid RRF,75,NCT03432806,unjudged
22,Hybrid RRF,76,NCT02549989,unjudged
22,Hybrid RRF,77,NCT03056755,0
22,Hybrid RRF,78,NCT02449564,1
22,Hybrid RRF,79,NCT02594150,unjudged
22,Hybrid RRF,80,NCT02449538,1
22,Hybrid RRF,81,NCT02129218,0
22,Hybrid RRF,82,NCT01277757,0
22,Hybrid RRF,83,NCT00475722,unjudged
22,Hybrid RRF,84,NCT00494611,0
22,Hybrid RRF,85,NCT03563651,2
22,Hybrid RRF,86,NCT02260661,1
22,Hybrid RRF,87,NCT03803553,unjudged
22,Hybrid RRF,88,NCT01625286,unjudged
22,Hybrid RRF,89,NCT02506556,0
22,Hybrid RRF,90,NCT03641976,unjudged
22,Hybrid RRF,91,NCT00016133,0
22,Hybrid RRF,92,NCT02595645,0
22,Hybrid RRF,93,NCT01013324,0
22,Hybrid RRF,94,NCT02340221,unjudged
22,Hybrid RRF,95,NCT01308086,unjudged
22,Hybrid RRF,96,NCT01643499,unjudged
22,Hybrid RRF,97,NCT00932724,unjudged
22,Hybrid RRF,98,NCT02081742,0
22,Hybrid RRF,99,NCT02961283,2
22,Hybrid RRF,100,NCT02774512,0
24,Vector,1,NCT01501604,1
24,Vector,2,NCT01525719,0
24,Vector,3,NCT01920503,0
24,Vector,4,NCT03041662,unjudged
24,Vector,5,NCT01900158,0
24,Vector,6,NCT00983541,0
24,Vector,7,NCT03132649,0
24,Vector,8,NCT01043172,0
24,Vector,9,NCT02167711,0
24,Vector,10,NCT03951597,0
24,Vector,11,NCT00779454,0
24,Vector,12,NCT02989857,unjudged
24,Vector,13,NCT02609958,unjudged
24,Vector,14,NCT01766219,0
24,Vector,15,NCT02374489,unjudged
24,Vector,16,NCT01588860,0
24,Vector,17,NCT01755013,unjudged
24,Vector,18,NCT02773485,0
24,Vector,19,NCT03620292,0
24,Vector,20,NCT01718327,0
24,Vector,21,NCT02856568,0
24,Vector,22,NCT03684811,0
24,Vector,23,NCT02150967,0
24,Vector,24,NCT00907413,0
24,Vector,25,NCT03345303,unjudged
24,Vector,26,NCT00713687,0
24,Vector,27,NCT01954745,0
24,Vector,28,NCT02762721,0
24,Vector,29,NCT02893085,0
24,Vector,30,NCT01524146,0
24,Vector,31,NCT02665494,0
24,Vector,32,NCT00540735,0
24,Vector,33,NCT01320254,0
24,Vector,34,NCT03951389,0
24,Vector,35,NCT00253617,0
24,Vector,36,NCT02042443,0
24,Vector,37,NCT03773302,0
24,Vector,38,NCT02644122,0
24,Vector,39,NCT00973713,0
24,Vector,40,NCT01859182,0
24,Vector,41,NCT02082522,0
24,Vector,42,NCT01229111,0
24,Vector,43,NCT00033462,unjudged
24,Vector,44,NCT03201458,0
24,Vector,45,NCT03212274,0
24,Vector,46,NCT03117855,0
24,Vector,47,NCT02128282,0
24,Vector,48,NCT00301379,unjudged
24,Vector,49,NCT01219699,1
24,Vector,50,NCT03940378,0
24,Vector,51,NCT02254681,0
24,Vector,52,NCT02073994,unjudged
24,Vector,53,NCT03377179,0
24,Vector,54,NCT02526771,0
24,Vector,55,NCT00869635,unjudged
24,Vector,56,NCT02443818,0
24,Vector,57,NCT00262769,unjudged
24,Vector,58,NCT02256982,0
24,Vector,59,NCT02585856,0
24,Vector,60,NCT03766035,0
24,Vector,61,NCT03772132,unjudged
24,Vector,62,NCT01206049,0
24,Vector,63,NCT02588755,0
24,Vector,64,NCT03499782,unjudged
24,Vector,65,NCT02836847,0
24,Vector,66,NCT02955771,0
24,Vector,67,NCT03820310,0
24,Vector,68,NCT01151761,0
24,Vector,69,NCT03166436,0
24,Vector,70,NCT03603834,0
24,Vector,71,NCT01963325,0
24,Vector,72,NCT01247337,0
24,Vector,73,NCT00005938,0
24,Vector,74,NCT01938729,0
24,Vector,75,NCT02428296,0
24,Vector,76,NCT02482454,0
24,Vector,77,NCT03307538,0
24,Vector,78,NCT03878095,unjudged
24,Vector,79,NCT03251443,unjudged
24,Vector,80,NCT00919061,0
24,Vector,81,NCT01346579,0
24,Vector,82,NCT02994251,0
24,Vector,83,NCT00630890,0
24,Vector,84,NCT00858429,unjudged
24,Vector,85,NCT01830504,unjudged
24,Vector,86,NCT01762410,unjudged
24,Vector,87,NCT00005997,0
24,Vector,88,NCT01773655,0
24,Vector,89,NCT01816984,0
24,Vector,90,NCT01506115,0
24,Vector,91,NCT03768414,0
24,Vector,92,NCT02807181,0
24,Vector,93,NCT00320918,0
24,Vector,94,NCT00238212,0
24,Vector,95,NCT01613950,0
24,Vector,96,NCT01540253,1
24,Vector,97,NCT03278106,0
24,Vector,98,NCT02746081,unjudged
24,Vector,99,NCT01673802,0
24,Vector,100,NCT03937895,unjudged
24,BM25,1,NCT01501604,1
24,BM25,2,NCT00983541,0
24,BM25,3,NCT02893085,0
24,BM25,4,NCT02428296,0
24,BM25,5,NCT03951597,0
24,BM25,6,NCT02861300,0
24,BM25,7,NCT03820310,0
24,BM25,8,NCT03603834,0
24,BM25,9,NCT01718327,0
24,BM25,10,NCT01625390,unjudged
24,BM25,11,NCT02526771,0
24,BM25,12,NCT01043172,0
24,BM25,13,NCT02106871,0
24,BM25,14,NCT02482454,0
24,BM25,15,NCT01923168,0
24,BM25,16,NCT02588755,0
24,BM25,17,NCT01920503,0
24,BM25,18,NCT03377179,0
24,BM25,19,NCT03494023,0
24,BM25,20,NCT02150967,0
24,BM25,21,NCT01900158,0
24,BM25,22,NCT03079427,0
24,BM25,23,NCT00779454,0
24,BM25,24,NCT01708161,1
24,BM25,25,NCT02856568,0
24,BM25,26,NCT01151761,0
24,BM25,27,NCT02807181,0
24,BM25,28,NCT03684811,0
24,BM25,29,NCT03290092,0
24,BM25,30,NCT02404844,unjudged
24,BM25,31,NCT00253617,0
24,BM25,32,NCT01108107,0
24,BM25,33,NCT00033540,0
24,BM25,34,NCT01247337,0
24,BM25,35,NCT01442324,0
24,BM25,36,NCT03620292,0
24,BM25,37,NCT01912053,unjudged
24,BM25,38,NCT03307538,0
24,BM25,39,NCT01766219,0
24,BM25,40,NCT03056755,0
24,BM25,41,NCT00694733,unjudged
24,BM25,42,NCT03041662,unjudged
24,BM25,43,NCT03951389,0
24,BM25,44,NCT01277757,0
24,BM25,45,NCT02152605,unjudged
24,BM25,46,NCT02449564,1
24,BM25,47,NCT01186705,0
24,BM25,48,NCT02374489,unjudged
24,BM25,49,NCT02699606,0
24,BM25,50,NCT02449538,1
24,BM25,51,NCT02166190,unjudged
24,BM25,52,NCT01524146,0
24,BM25,53,NCT03937895,unjudged
24,BM25,54,NCT03414489,unjudged
24,BM25,55,NCT02260661,1
24,BM25,56,NCT01963325,0
24,BM25,57,NCT01776008,0
24,BM25,58,NCT02762721,0
24,BM25,59,NCT03257761,0
24,BM25,60,NCT01862276,0
24,BM25,61,NCT02688881,1
24,BM25,62,NCT01773655,0
24,BM25,63,NCT01219699,1
24,BM25,64,NCT01346579,0
24,BM25,65,NCT03132649,0
24,BM25,66,NCT03345303,unjudged
24,BM25,67,NCT00320918,0
24,BM25,68,NCT00363584,0
24,BM25,69,NCT00907413,0
24,BM25,70,NCT02082522,0
24,BM25,71,NCT02592538,0
24,BM25,72,NCT00604266,0
24,BM25,73,NCT00540735,0
24,BM25,74,NCT01525719,0
24,BM25,75,NCT01593098,unjudged
24,BM25,76,NCT02720601,unjudged
24,BM25,77,NCT02773485,0
24,BM25,78,NCT00869635,unjudged
24,BM25,79,NCT01627197,unjudged
24,BM25,80,NCT02585856,0
24,BM25,81,NCT00713687,0
24,BM25,82,NCT03166436,0
24,BM25,83,NCT03006172,1
24,BM25,84,NCT00721175,0
24,BM25,85,NCT03320980,unjudged
24,BM25,86,NCT00897988,0
24,BM25,87,NCT03768414,0
24,BM25,88,NCT01673802,0
24,BM25,89,NCT02848534,unjudged
24,BM25,90,NCT02167711,0
24,BM25,91,NCT03212274,0
24,BM25,92,NCT03499782,unjudged
24,BM25,93,NCT02443818,0
24,BM25,94,NCT01466257,0
24,BM25,95,NCT03773302,0
24,BM25,96,NCT02103179,0
24,BM25,97,NCT00733200,0
24,BM25,98,NCT03827850,0
24,BM25,99,NCT03317366,0
24,BM25,100,NCT01938729,0
24,Hybrid RRF,1,NCT01501604,1
24,Hybrid RRF,2,NCT00983541,0
24,Hybrid RRF,3,NCT03951597,0
24,Hybrid RRF,4,NCT01920503,0
24,Hybrid RRF,5,NCT01043172,0
24,Hybrid RRF,6,NCT01900158,0
24,Hybrid RRF,7,NCT02893085,0
24,Hybrid RRF,8,NCT01718327,0
24,Hybrid RRF,9,NCT00779454,0
24,Hybrid RRF,10,NCT03041662,unjudged
24,Hybrid RRF,11,NCT02150967,0
24,Hybrid RRF,12,NCT02856568,0
24,Hybrid RRF,13,NCT01766219,0
24,Hybrid RRF,14,NCT01525719,0
24,Hybrid RRF,15,NCT03684811,0
24,Hybrid RRF,16,NCT03620292,0
24,Hybrid RRF,17,NCT02428296,0
24,Hybrid RRF,18,NCT03132649,0
24,Hybrid RRF,19,NCT02526771,0
24,Hybrid RRF,20,NCT03820310,0
24,Hybrid RRF,21,NCT02374489,unjudged
24,Hybrid RRF,22,NCT03603834,0
24,Hybrid RRF,23,NCT03377179,0
24,Hybrid RRF,24,NCT00253617,0
24,Hybrid RRF,25,NCT02588755,0
24,Hybrid RRF,26,NCT02167711,0
24,Hybrid RRF,27,NCT02482454,0
24,Hybrid RRF,28,NCT03951389,0
24,Hybrid RRF,29,NCT02773485,0
24,Hybrid RRF,30,NCT01524146,0
24,Hybrid RRF,31,NCT02762721,0
24,Hybrid RRF,32,NCT03345303,unjudged
24,Hybrid RRF,33,NCT00907413,0
24,Hybrid RRF,34,NCT01151761,0
24,Hybrid RRF,35,NCT00713687,0
24,Hybrid RRF,36,NCT00540735,0
24,Hybrid RRF,37,NCT01247337,0
24,Hybrid RRF,38,NCT02807181,0
24,Hybrid RRF,39,NCT02082522,0
24,Hybrid RRF,40,NCT03307538,0
24,Hybrid RRF,41,NCT01219699,1
24,Hybrid RRF,42,NCT03773302,0
24,Hybrid RRF,43,NCT01963325,0
24,Hybrid RRF,44,NCT03212274,0
24,Hybrid RRF,45,NCT00869635,unjudged
24,Hybrid RRF,46,NCT02585856,0
24,Hybrid RRF,47,NCT01346579,0
24,Hybrid RRF,48,NCT02443818,0
24,Hybrid RRF,49,NCT02861300,0
24,Hybrid RRF,50,NCT03937895,unjudged
24,Hybrid RRF,51,NCT01773655,0
24,Hybrid RRF,52,NCT03166436,0
24,Hybrid RRF,53,NCT03499782,unjudged
24,Hybrid RRF,54,NCT00320918,0
24,Hybrid RRF,55,NCT01625390,unjudged
24,Hybrid RRF,56,NCT02989857,unjudged
24,Hybrid RRF,57,NCT01938729,0
24,Hybrid RRF,58,NCT02609958,unjudged
24,Hybrid RRF,59,NCT02106871,0
24,Hybrid RRF,60,NCT03768414,0
24,Hybrid RRF,61,NCT01923168,0
24,Hybrid RRF,62,NCT01588860,0
24,Hybrid RRF,63,NCT01673802,0
24,Hybrid RRF,64,NCT01755013,unjudged
24,Hybrid RRF,65,NCT03494023,0
24,Hybrid RRF,66,NCT03079427,0
24,Hybrid RRF,67,NCT01708161,1
24,Hybrid RRF,68,NCT01954745,0
24,Hybrid RRF,69,NCT03290092,0
24,Hybrid RRF,70,NCT02404844,unjudged
24,Hybrid RRF,71,NCT02665494,0
24,Hybrid RRF,72,NCT01108107,0
24,Hybrid RRF,73,NCT01320254,0
24,Hybrid RRF,74,NCT00033540,0
24,Hybrid RRF,75,NCT01442324,0
24,Hybrid RRF,76,NCT02042443,0
24,Hybrid RRF,77,NCT01912053,unjudged
24,Hybrid RRF,78,NCT02644122,0
24,Hybrid RRF,79,NCT00973713,0
24,Hybrid RRF,80,NCT01859182,0
24,Hybrid RRF,81,NCT03056755,0
24,Hybrid RRF,82,NCT00694733,unjudged
24,Hybrid RRF,83,NCT01229111,0
24,Hybrid RRF,84,NCT00033462,unjudged
24,Hybrid RRF,85,NCT03201458,0
24,Hybrid RRF,86,NCT01277757,0
24,Hybrid RRF,87,NCT02152605,unjudged
24,Hybrid RRF,88,NCT03117855,0
24,Hybrid RRF,89,NCT02449564,1
24,Hybrid RRF,90,NCT02128282,0
24,Hybrid RRF,91,NCT01186705,0
24,Hybrid RRF,92,NCT00301379,unjudged
24,Hybrid RRF,93,NCT02699606,0
24,Hybrid RRF,94,NCT03940378,0
24,Hybrid RRF,95,NCT02449538,1
24,Hybrid RRF,96,NCT02254681,0
24,Hybrid RRF,97,NCT02166190,unjudged
24,Hybrid RRF,98,NCT02073994,unjudged
24,Hybrid RRF,99,NCT03414489,unjudged
24,Hybrid RRF,100,NCT02260661,1
29,Vector,1,NCT00543712,0
29,Vector,2,NCT00096213,0
29,Vector,3,NCT01310816,0
29,Vector,4,NCT00928525,0
29,Vector,5,NCT01267955,0
29,Vector,6,NCT02996747,0
29,Vector,7,NCT03776942,2
29,Vector,8,NCT02821507,0
29,Vector,9,NCT00107419,0
29,Vector,10,NCT00797602,0
29,Vector,11,NCT01330966,0
29,Vector,12,NCT03173976,0
29,Vector,13,NCT00401388,0
29,Vector,14,NCT00496522,0
29,Vector,15,NCT02496741,0
29,Vector,16,NCT02073994,1
29,Vector,17,NCT00346164,0
29,Vector,18,NCT02008019,0
29,Vector,19,NCT01449149,0
29,Vector,20,NCT03878095,1
29,Vector,21,NCT03739827,unjudged
29,Vector,22,NCT03670927,unjudged
29,Vector,23,NCT02989857,0
29,Vector,24,NCT00334854,0
29,Vector,25,NCT01154452,0
29,Vector,26,NCT01182753,0
29,Vector,27,NCT03041701,unjudged
29,Vector,28,NCT02066285,0
29,Vector,29,NCT02389244,0
29,Vector,30,NCT00073983,0
29,Vector,31,NCT03449108,0
29,Vector,32,NCT03212274,1
29,Vector,33,NCT00702689,unjudged
29,Vector,34,NCT02601950,unjudged
29,Vector,35,NCT02273739,0
29,Vector,36,NCT03217266,0
29,Vector,37,NCT02950987,unjudged
29,Vector,38,NCT01136499,unjudged
29,Vector,39,NCT02808247,0
29,Vector,40,NCT03684811,0
29,Vector,41,NCT00767819,0
29,Vector,42,NCT02235701,unjudged
29,Vector,43,NCT03277924,0
29,Vector,44,NCT03224104,0
29,Vector,45,NCT01653028,0
29,Vector,46,NCT02761694,unjudged
29,Vector,47,NCT02367651,unjudged
29,Vector,48,NCT03503409,0
29,Vector,49,NCT03718091,unjudged
29,Vector,50,NCT02413736,unjudged
29,Vector,51,NCT00006357,unjudged
29,Vector,52,NCT03463408,unjudged
29,Vector,53,NCT01609179,0
29,Vector,54,NCT01736410,unjudged
29,Vector,55,NCT02746081,1
29,Vector,56,NCT01308034,0
29,Vector,57,NCT03914742,0
29,Vector,58,NCT03952598,unjudged
29,Vector,59,NCT00087074,unjudged
29,Vector,60,NCT03815474,unjudged
29,Vector,61,NCT02359474,unjudged
29,Vector,62,NCT02454634,0
29,Vector,63,NCT03906448,unjudged
29,Vector,64,NCT03951116,unjudged
29,Vector,65,NCT03685591,unjudged
29,Vector,66,NCT00602667,unjudged
29,Vector,67,NCT00796120,0
29,Vector,68,NCT02209428,0
29,Vector,69,NCT03317457,0
29,Vector,70,NCT03932058,0
29,Vector,71,NCT01976910,unjudged
29,Vector,72,NCT01610570,unjudged
29,Vector,73,NCT00598741,unjudged
29,Vector,74,NCT02481154,0
29,Vector,75,NCT00002791,0
29,Vector,76,NCT01723774,unjudged
29,Vector,77,NCT01737255,unjudged
29,Vector,78,NCT01189253,unjudged
29,Vector,79,NCT02609984,0
29,Vector,80,NCT00031915,0
29,Vector,81,NCT01692496,unjudged
29,Vector,82,NCT02987959,unjudged
29,Vector,83,NCT02805855,unjudged
29,Vector,84,NCT03375437,unjudged
29,Vector,85,NCT03022578,unjudged
29,Vector,86,NCT03749187,0
29,Vector,87,NCT03666559,0
29,Vector,88,NCT03022448,0
29,Vector,89,NCT02074839,0
29,Vector,90,NCT03079011,unjudged
29,Vector,91,NCT02166905,unjudged
29,Vector,92,NCT02193347,unjudged
29,Vector,93,NCT01514188,0
29,Vector,94,NCT02180867,0
29,Vector,95,NCT02015065,unjudged
29,Vector,96,NCT02705482,unjudged
29,Vector,97,NCT02476955,unjudged
29,Vector,98,NCT03030066,0
29,Vector,99,NCT00464620,0
29,Vector,100,NCT03319797,0
29,BM25,1,NCT03684811,0
29,BM25,2,NCT02496741,0
29,BM25,3,NCT02073994,1
29,BM25,4,NCT02333513,0
29,BM25,5,NCT01267955,0
29,BM25,6,NCT03173976,0
29,BM25,7,NCT03311815,0
29,BM25,8,NCT02597335,0
29,BM25,9,NCT03776942,2
29,BM25,10,NCT03686566,0
29,BM25,11,NCT00096213,0
29,BM25,12,NCT02454634,0
29,BM25,13,NCT00543712,0
29,BM25,14,NCT01703962,0
29,BM25,15,NCT00496522,0
29,BM25,16,NCT03503409,0
29,BM25,17,NCT02996747,0
29,BM25,18,NCT00073983,0
29,BM25,19,NCT02821507,0
29,BM25,20,NCT02008019,0
29,BM25,21,NCT03030066,0
29,BM25,22,NCT03564821,0
29,BM25,23,NCT02510118,unjudged
29,BM25,24,NCT00928525,0
29,BM25,25,NCT01182753,0
29,BM25,26,NCT01330966,0
29,BM25,27,NCT03127735,0
29,BM25,28,NCT03839771,0
29,BM25,29,NCT03173248,0
29,BM25,30,NCT01189253,unjudged
29,BM25,31,NCT03499912,0
29,BM25,32,NCT03953898,unjudged
29,BM25,33,NCT01310816,0
29,BM25,34,NCT02389244,0
29,BM25,35,NCT03914742,0
29,BM25,36,NCT02209428,0
29,BM25,37,NCT03317457,0
29,BM25,38,NCT03749187,0
29,BM25,39,NCT02986620,0
29,BM25,40,NCT02977689,0
29,BM25,41,NCT03212274,1
29,BM25,42,NCT00107419,0
29,BM25,43,NCT03204838,0
29,BM25,44,NCT03741244,0
29,BM25,45,NCT03471260,0
29,BM25,46,NCT02719574,0
29,BM25,47,NCT02746081,1
29,BM25,48,NCT02492737,unjudged
29,BM25,49,NCT03343197,0
29,BM25,50,NCT02074839,0
29,BM25,51,NCT01245309,unjudged
29,BM25,52,NCT03744390,0
29,BM25,53,NCT02619565,unjudged
29,BM25,54,NCT03303950,unjudged
29,BM25,55,NCT01154452,0
29,BM25,56,NCT00918489,0
29,BM25,57,NCT02677922,0
29,BM25,58,NCT02989857,0
29,BM25,59,NCT03718767,0
29,BM25,60,NCT03245424,0
29,BM25,61,NCT02481154,0
29,BM25,62,NCT03047993,0
29,BM25,63,NCT03666559,0
29,BM25,64,NCT03022448,0
29,BM25,65,NCT02066285,0
29,BM25,66,NCT03878095,1
29,BM25,67,NCT03295396,0
29,BM25,68,NCT02525692,unjudged
29,BM25,69,NCT01567202,0
29,BM25,70,NCT01231321,0
29,BM25,71,NCT02632708,0
29,BM25,72,NCT02549833,0
29,BM25,73,NCT02459652,unjudged
29,BM25,74,NCT03475433,unjudged
29,BM25,75,NCT03423628,0
29,BM25,76,NCT00797602,0
29,BM25,77,NCT00553098,unjudged
29,BM25,78,NCT03925246,unjudged
29,BM25,79,NCT02235701,unjudged
29,BM25,80,NCT03150706,unjudged
29,BM25,81,NCT03234127,unjudged
29,BM25,82,NCT01593098,unjudged
29,BM25,83,NCT00346164,0
29,BM25,84,NCT02487238,unjudged
29,BM25,85,NCT03856099,unjudged
29,BM25,86,NCT03581292,0
29,BM25,87,NCT00401388,0
29,BM25,88,NCT03932058,0
29,BM25,89,NCT00413192,unjudged
29,BM25,90,NCT02862028,unjudged
29,BM25,91,NCT03435107,unjudged
29,BM25,92,NCT02858895,unjudged
29,BM25,93,NCT02576665,0
29,BM25,94,NCT00443313,unjudged
29,BM25,95,NCT03338621,unjudged
29,BM25,96,NCT00718484,0
29,BM25,97,NCT03759717,0
29,BM25,98,NCT03952598,unjudged
29,BM25,99,NCT02381886,1
29,BM25,100,NCT03539172,0
29,Hybrid RRF,1,NCT01267955,0
29,Hybrid RRF,2,NCT00096213,0
29,Hybrid RRF,3,NCT00543712,0
29,Hybrid RRF,4,NCT02496741,0
29,Hybrid RRF,5,NCT03776942,2
29,Hybrid RRF,6,NCT03173976,0
29,Hybrid RRF,7,NCT02073994,1
29,Hybrid RRF,8,NCT02996747,0
29,Hybrid RRF,9,NCT00928525,0
29,Hybrid RRF,10,NCT02821507,0
29,Hybrid RRF,11,NCT00496522,0
29,Hybrid RRF,12,NCT01310816,0
29,Hybrid RRF,13,NCT03684811,0
29,Hybrid RRF,14,NCT01330966,0
29,Hybrid RRF,15,NCT02008019,0
29,Hybrid RRF,16,NCT00107419,0
29,Hybrid RRF,17,NCT00073983,0
29,Hybrid RRF,18,NCT01182753,0
29,Hybrid RRF,19,NCT03503409,0
29,Hybrid RRF,20,NCT02454634,0
29,Hybrid RRF,21,NCT02389244,0
29,Hybrid RRF,22,NCT00797602,0
29,Hybrid RRF,23,NCT03212274,1
29,Hybrid RRF,24,NCT02989857,0
29,Hybrid RRF,25,NCT00401388,0
29,Hybrid RRF,26,NCT01154452,0
29,Hybrid RRF,27,NCT03878095,1
29,Hybrid RRF,28,NCT00346164,0
29,Hybrid RRF,29,NCT02066285,0
29,Hybrid RRF,30,NCT03914742,0
29,Hybrid RRF,31,NCT03030066,0
29,Hybrid RRF,32,NCT01189253,unjudged
29,Hybrid RRF,33,NCT02209428,0
29,Hybrid RRF,34,NCT03317457,0
29,Hybrid RRF,35,NCT02746081,1
29,Hybrid RRF,36,NCT03749187,0
29,Hybrid RRF,37,NCT02235701,unjudged
29,Hybrid RRF,38,NCT02074839,0
29,Hybrid RRF,39,NCT02481154,0
29,Hybrid RRF,40,NCT02333513,0
29,Hybrid RRF,41,NCT03666559,0
29,Hybrid RRF,42,NCT03311815,0
29,Hybrid RRF,43,NCT03022448,0
29,Hybrid RRF,44,NCT03952598,unjudged
29,Hybrid RRF,45,NCT02597335,0
29,Hybrid RRF,46,NCT03932058,0
29,Hybrid RRF,47,NCT03686566,0
29,Hybrid RRF,48,NCT01703962,0
29,Hybrid RRF,49,NCT01449149,0
29,Hybrid RRF,50,NCT03739827,unjudged
29,Hybrid RRF,51,NCT03670927,unjudged
29,Hybrid RRF,52,NCT03564821,0
29,Hybrid RRF,53,NCT02510118,unjudged
29,Hybrid RRF,54,NCT00334854,0
29,Hybrid RRF,55,NCT03041701,unjudged
29,Hybrid RRF,56,NCT03127735,0
29,Hybrid RRF,57,NCT03839771,0
29,Hybrid RRF,58,NCT03173248,0
29,Hybrid RRF,59,NCT03449108,0
29,Hybrid RRF,60,NCT03499912,0
29,Hybrid RRF,61,NCT03953898,unjudged
29,Hybrid RRF,62,NCT00702689,unjudged
29,Hybrid RRF,63,NCT02601950,unjudged
29,Hybrid RRF,64,NCT02273739,0
29,Hybrid RRF,65,NCT03217266,0
29,Hybrid RRF,66,NCT02950987,unjudged
29,Hybrid RRF,67,NCT01136499,unjudged
29,Hybrid RRF,68,NCT02808247,0
29,Hybrid RRF,69,NCT02986620,0
29,Hybrid RRF,70,NCT02977689,0
29,Hybrid RRF,71,NCT00767819,0
29,Hybrid RRF,72,NCT03277924,0
29,Hybrid RRF,73,NCT03204838,0
29,Hybrid RRF,74,NCT03224104,0
29,Hybrid RRF,75,NCT03741244,0
29,Hybrid RRF,76,NCT01653028,0
29,Hybrid RRF,77,NCT03471260,0
29,Hybrid RRF,78,NCT02761694,unjudged
29,Hybrid RRF,79,NCT02719574,0
29,Hybrid RRF,80,NCT02367651,unjudged
29,Hybrid RRF,81,NCT02492737,unjudged
29,Hybrid RRF,82,NCT03718091,unjudged
29,Hybrid RRF,83,NCT03343197,0
29,Hybrid RRF,84,NCT02413736,unjudged
29,Hybrid RRF,85,NCT00006357,unjudged
29,Hybrid RRF,86,NCT01245309,unjudged
29,Hybrid RRF,87,NCT03463408,unjudged
29,Hybrid RRF,88,NCT03744390,0
29,Hybrid RRF,89,NCT01609179,0
29,Hybrid RRF,90,NCT02619565,unjudged
29,Hybrid RRF,91,NCT01736410,unjudged
29,Hybrid RRF,92,NCT03303950,unjudged
29,Hybrid RRF,93,NCT01308034,0
29,Hybrid RRF,94,NCT00918489,0
29,Hybrid RRF,95,NCT02677922,0
29,Hybrid RRF,96,NCT00087074,unjudged
29,Hybrid RRF,97,NCT03718767,0
29,Hybrid RRF,98,NCT03815474,unjudged
29,Hybrid RRF,99,NCT03245424,0
29,Hybrid RRF,100,NCT02359474,unjudged
