topic,query
2,cholangiocarcinoma BRAF (V600E) 64-year-old male
7,non-small cell lung cancer EGFR (T790M) 50-year-old male
8,bladder cancer FGFR3 (S249C) 64-year-old male
9,gastrointestinal stromal tumor KIT (exon 9 502_503 duplication) 58-year-old male
15,"lung adenocarcinoma KRAS (G12V), high tumor mutational burden 57-year-old male"
16,papillary thyroid carcinoma BRAF (V600E) 51-year-old female
18,lung adenocarcinoma SND1-BRAF fusion 54-year-old female
22,colon cancer PIK3CA (E545K) 45-year-old female
24,cholangiocarcinoma PIK3CA (1047H) 62-year-old male
29,chondrosarcoma IDH1 26-year-old female
